ZCTA5CE,rent_to_income,pct_rent_burden_30,pct_rent_burden_50,zori,commute_min_proxy,pct_commute_lt10,pct_commute_10_19,pct_commute_20_29,pct_commute_30_44,pct_commute_45_59,pct_commute_60_plus,ttw_total,pct_drive_alone,pct_carpool,pct_car,pct_transit,pct_walk,pct_wfh,renter_share,vehicle_access,total_pop,pop_density,pct_white,pct_black,pct_asian,pct_hispanic,pct_other,median_income,income_segment,stops_per_km2,period
75001,0.2525045062585089,43.688289808072206,5.914940245787541,1575.1474512146551,24.268714672895605,13.347889008927664,27.142053008561092,25.8866543778747,26.863599599849167,4.504805581428921,2.254998423358453,6601.0,77.86662364311823,4.861442533911882,82.72806617703012,1.7032606055267334,1.4406931719611398,13.596065151864996,77.81349945573955,95.26678885362595,12376.0,1272.02029921075,38.388817065287654,20.224628312863608,5.882352941176471,29.90465416936005,5.599547511312217,78063.4970103426,Medium,4.907871304486596,2025-10-31
75006,0.2500154346504481,45.17180017409777,2.5154337846240806,1466.3761931711,25.348399066015848,8.568744912752246,31.202714375246035,25.626627104346607,26.036108901617126,5.357716658614621,3.208088047423368,25865.0,77.8803512212255,7.504946740506225,85.38529796173172,1.5176732631779049,1.1722498371022934,11.017926177326274,52.40563395408238,68.57685507254378,53279.0,1181.816500610994,31.924397980442574,9.808742656581392,10.651476191369959,44.861953114735634,2.7534300568704366,80279.78148989283,Medium,0.716447058880778,2025-10-31
75007,0.18539725477126695,39.375558755473634,2.424999511356675,1833.1787802840431,27.805381041047497,6.381108758522988,23.767859840020126,29.257192484707062,30.1570641903192,7.332856806039084,3.1039179203915426,25080.0,74.3398681404385,7.244201465559689,81.5840696059982,1.4038221441104601,0.5467958087198704,15.454914470664857,27.134304294925812,42.952817150253786,51786.0,1662.1220902931047,44.21272158498436,6.754721353261499,15.884602015988877,28.878461360213183,4.26949368555208,122960.3158189472,High,0.1125720012926841,2025-10-31
75010,0.17848455788040374,25.30039242769602,1.6644895697264774,1710.336319073084,27.733792309376796,6.211183057006647,30.2664895930435,24.757881439972298,25.149553664414125,9.263296514665514,4.35159573089792,12826.0,71.17162331530864,8.701145543242527,79.87276885855117,0.7878704560680897,0.24181349973946872,17.547607523866397,44.632204215756644,57.256535990490136,27202.0,1530.4016943733093,41.38298654510698,12.991691787368575,29.608117050216897,12.499080949930152,3.518123667377399,112244.70355120947,High,0.03944232264735538,2025-10-31
75019,0.17378432732033675,30.0797923514517,1.4371787073217932,2059.150427350427,26.185287702582134,7.45018314538666,25.4561882502878,30.933765839418918,27.341215850340507,6.797294549531245,2.021352365034863,20069.0,75.02786990640188,4.226943316021782,79.25481322242364,0.27285629325175587,0.3553735177585231,18.579395809564435,36.643148570680495,53.932351930839644,45286.0,961.0310271983791,44.79750916398004,5.677251247626198,29.812745660910657,16.186017753831205,3.5264761736519015,148428.31857527714,High,0.11919571441025643,2025-10-31
75022,0.17450502078189908,37.2815494393476,1.4678899082568808,2914.0833333333335,29.404599674980297,6.953355968784194,22.565790309151225,23.88881022804558,32.44840717137068,9.993928983280538,4.1497073393677795,8526.0,72.35331341635549,2.9284769389609133,75.2817903553164,0.0,0.8579998654136795,22.090970869184257,13.289825193847486,30.35044733589992,21420.0,371.71527179818844,66.05508870214753,3.4687208216619982,19.27170868347339,7.273576097105509,3.9309056956115778,199588.96330532213,High,0.0,2025-10-31
75024,,0.0,0.0,1666.6781678773204,25.661378555798688,10.284463894967178,36.542669584245075,20.787746170678336,21.334792122538293,5.798687089715536,5.25164113785558,914.0,69.14095079232693,6.672226855713094,75.81317764804002,0.0,0.0,23.769808173477898,0.5714285714285714,28.34285714285714,2243.0,66.25154013424083,69.86179224253233,4.7703967900133755,16.6740971912617,3.1654034774855107,5.528310298707089,233854.0,High,1.75843258413404,2025-10-31
75028,0.19037044403759856,39.08732183046897,10.202838076560257,2219.973658150129,29.80180403585271,10.048183468993274,22.395738372382258,19.8375963944687,30.321505044002276,11.828832344405008,5.568144375748489,18824.0,75.79478594332812,4.42619631198838,80.22098225531651,0.15585275743191215,0.3718314400685608,18.353523879588625,17.612221527823277,33.33611504047365,45245.0,1117.2626420463066,68.15780749254061,3.7529008730246436,11.886396286882528,11.397944524256824,4.804950823295392,155947.59109293844,High,0.0,2025-10-31
75033,0.1767302979819618,28.765799108903508,1.0745244633146427,1761.5771925771926,33.08264679130446,8.48735132651406,19.860038130869103,19.322739337078165,26.584953008368547,15.904711015651744,9.840207181518371,11907.0,65.1444663289065,6.6460180289795145,71.79048435788603,0.23403325091612118,0.5972335574486497,26.076660122104006,13.14393629331866,23.53949940343085,37031.0,646.0094827833454,53.96829683238368,11.177121870864951,16.52669385109773,13.801949717804002,4.525937727849639,192478.58459128838,High,0.0,2025-10-31
75034,0.16286894219386475,50.78878855309424,0.0,1688.5549344578474,27.302881875280026,15.271950665732485,24.28744153890122,14.62966568692251,33.28572370028928,8.049396056268295,4.47582235188621,6285.0,68.22180981565592,2.3814939463296985,70.60330376198561,0.429481850928235,0.31864782488223886,26.69931480737367,30.185090940615535,35.58611456258507,18809.0,450.1185773600487,60.242437131160614,6.75740337072678,16.226274655749908,12.105906746770163,4.667978095592535,183888.20686905205,High,0.0,2025-10-31
75036,0.19654790983384984,35.78952036973751,3.263515098841119,2712.1111111111113,36.61400449268126,8.434007945525465,16.960000481563476,18.88917846172748,24.41781655829171,17.426883593164103,13.872112959727767,15140.0,66.01308431462462,7.260721403378514,73.27380571800313,0.044782803403493054,2.1501730136635215,23.689182691411702,23.87497852690047,47.20612761400365,43497.0,1181.1226611357433,48.04009471917603,7.687886520909488,26.35124261443318,13.060670850863279,4.86010529461802,148574.67009219027,High,0.0,2025-10-31
75038,0.22457174604326705,28.83888871795801,3.745076934790636,1451.4974716095403,24.209127633992964,7.1435020282422395,34.19426848084973,30.741382843254453,21.758563045757395,2.6779441443778267,3.4843394575183524,17158.0,76.77646681995003,6.84502150326324,83.62148832321328,1.7732178113776087,0.660602551898688,12.25181599173311,82.78991743832216,85.23016534080065,33153.0,1666.9393852575727,16.577685277350465,32.14490393026272,27.51787168582029,20.408409495369952,3.3511296111965736,76047.32820559226,Medium,1.167294304744032,2025-10-31
75039,0.20657039673259409,18.836033139980543,2.53889366693278,1833.2629310344828,22.68870016626493,12.439170349326227,36.94954077811139,23.212134797925273,21.416775777519092,3.8590914222207133,2.123286874897302,13741.0,74.96907733584354,3.477163480485117,78.44624081632867,0.7832951455330602,2.8828811412973976,16.616555866887445,87.0233583299693,95.56062757208429,25173.0,1606.380429983967,29.706431494061096,12.255194057124697,36.892702498708935,15.504707424621618,5.640964525483653,102766.82163429071,Medium,1.795251055473796,2025-10-31
75040,0.2714206583514937,44.40348575879147,2.1980169136704495,1857.7063492063492,32.27215616227993,4.209911688239572,21.017825839429012,18.770752935524825,36.71758422638044,11.867640738929467,7.416284571496687,32075.0,75.87225252194999,11.756387074225056,87.62863959617505,1.9999548825313744,1.111010885409448,8.973580469490324,31.929955588087697,41.20138594557779,72229.0,1775.5819895003106,21.883177117224385,16.878262193855655,11.66152099572194,45.08992233036592,4.4871173628321035,76657.13261986183,Medium,0.38012661540574033,2025-10-31
75041,0.24260332583933988,41.12453752663849,3.3757893299680286,1592.0370370370372,33.74820694191726,3.5346690192433883,19.976016141101727,17.45335193462227,36.84206119285435,13.0517500304089,9.142151681769365,13486.0,76.43573935624674,13.842793003384264,90.278532359631,2.8707497259617005,0.4559520386058522,5.5575901697864625,43.83600076226524,45.362191079990886,30683.0,1494.1518405586176,20.464100642049342,6.14020793273148,1.8446696867972492,68.9600104292279,2.591011309194016,71793.40507773033,Medium,0.34262280732079997,2025-10-31
75042,0.2584758994852376,51.915274505541134,5.558306131041885,1328.2349206349206,28.941150794299396,7.2589036085015595,25.344581008822054,19.290106434154453,33.6851586326521,9.364971598309744,5.056278717560101,16623.0,79.86948076972016,9.81437909410022,89.68385986382037,1.495940780480272,1.3447744730212374,4.456446274475845,39.97442770204959,51.98368052564004,37830.0,1912.8255238896045,14.869151467089612,11.194818926777689,16.188210415014538,55.445413692836375,2.3024054982817868,65457.804493788,Medium,0.3910390209085235,2025-10-31
75043,0.24671657662604224,45.55181075235229,4.276073920831191,1597.953842940685,33.94184487996731,4.2026794775604355,19.840541531298893,19.90449939725827,33.00001609588419,13.718032061820983,9.334231436177221,29643.0,76.56747539579015,11.663657790544322,88.23113318633447,2.7142152195708196,0.5290100397637638,7.233633127545956,40.270041285783314,52.287147868882684,64468.0,1253.7268672798084,29.679841161506484,21.11900477756406,7.589811999751815,36.57008128063536,5.041260780542284,78667.89619656264,Medium,0.19167745156342442,2025-10-31
75044,0.24497298375268053,51.07372791294879,11.772796149179925,1675.812162320883,30.33433217882594,6.227488589861881,25.964555434239923,19.489194400416395,32.913157823248405,7.892203469504453,7.513400282728942,19951.0,71.79825083191106,10.129815014611717,81.92806584652277,1.0272305915262514,1.3225408640728602,13.308980429652149,30.6768648424779,46.48865168160019,46263.0,1680.6394434064418,35.241986036357346,15.487538637788298,16.981172859520566,27.25936493526144,5.029937531072347,94353.64978492532,Medium,0.0,2025-10-31
75048,0.2630812277962336,19.34673366834171,0.0,1670.309523809524,35.811495711835335,5.979016580903373,12.508404802744426,28.557061177815896,29.55483133218982,11.193310463121783,12.207375643224701,5930.0,69.29044774327184,11.025875481048782,80.31632322432063,0.11482521051288594,0.0,15.47062510727135,7.0382907492067375,36.28636331850247,12152.0,477.4055667501419,47.15273206056616,9.89137590520079,24.14417379855168,15.841013824884792,2.9707044107965768,107619.1918202765,Medium,0.0,2025-10-31
75050,0.22952813661468724,35.35837540363486,3.1115247132267028,1382.9930101670298,28.411411844189093,8.921315186875068,26.465796105601733,22.280564203162044,28.4712641306748,8.105560376749976,5.75549999693638,22013.0,83.91495596743337,8.41782133383194,92.33277730126531,0.3298693161608103,0.24697318914351213,5.508501762906038,50.75208866319513,55.228893723608145,46028.0,681.3814473507651,20.14643260623968,16.403059007560614,1.6881028938906752,59.53115494916138,2.2312505431476493,69867.55590075607,Medium,0.03131125367599161,2025-10-31
75051,0.3256555067817167,55.05169587888064,5.2942875340598965,1393.879365079365,29.321645031565712,5.308218320839733,32.33502413465664,18.885463055352133,28.557451924279235,7.816892231058191,7.096950333814063,15013.0,74.74669527743222,15.010734058732966,89.7574293361652,0.18073480962257513,1.011873457112842,6.174975644445819,55.95850501343543,64.59834805611982,40000.0,1004.4951507050588,14.97,13.3125,2.175,68.235,1.3075,55283.6667,Low,0.0,2025-10-31
75052,0.2210452178526057,41.26893853214623,3.247852302425452,1683.051490339726,31.828651879045736,5.648103863869802,24.291962910191746,23.45636504656935,25.85486030346744,12.073760115024537,8.674947760877139,43996.0,78.68754268033129,11.580510327783504,90.26805300811478,0.25020925469775335,1.0495800210699886,6.98695564940496,33.9923638631171,47.65503593166411,93209.0,1294.4265438087316,19.318949886813506,28.85665547318392,9.228722548251778,40.014376294134685,2.58129579761611,92133.34731624629,Medium,0.0,2025-10-31
75054,0.19654621661028152,46.36583043906286,11.170212765957446,2062.5,36.803442053056536,2.5251535014601725,17.868310674399872,11.472373052601814,41.45626310837593,15.989644599413474,10.688255063748741,8594.0,75.48566642900371,9.391229998497895,84.87689642750163,0.0,0.4541326067211626,14.59642834698868,10.115733043962463,33.67701879943584,22980.0,753.4185056645983,35.6875543951262,34.63881636205396,10.900783289817232,14.63881636205396,4.134029590948651,160398.2411227154,High,0.0,2025-10-31
75056,0.19246108162110565,37.48215404994427,4.589963127226377,1823.1128306878309,30.537987525361075,5.536474940338833,23.864759612593318,24.636274072580417,28.296073301408594,11.776347701796704,5.890070371282142,33240.0,75.07283928055439,6.9190430444245825,81.99188232497897,0.28441444566078494,0.43810872926779537,16.109581535645,37.1056916302291,54.177895562049684,73556.0,950.3878694228222,48.63505356463103,10.226222198053184,17.150198488226657,17.5485344499429,6.439991299146229,137158.54291968024,High,0.0,2025-10-31
75057,0.22072561527353132,36.851204836069314,1.1335012594458438,1537.0739944245322,26.432117953613094,17.192445100700652,22.618353004908002,26.048297686206077,20.81343488175866,7.405215454858388,5.922253871568221,8762.0,79.12914531009505,13.29692110631108,92.42606641640614,1.5951201498510037,0.8356053296289202,4.494095026925836,61.016246748590675,55.80704336741425,17095.0,419.4591501532704,38.97630886224042,11.365896460953495,3.4045042410061424,41.48581456566247,4.767475870137467,75614.14162035682,Medium,0.257898975868203,2025-10-31
75060,0.267734112353243,47.17388156224237,5.201505505703803,2015.5333333333335,29.840932079703407,6.239126095856557,23.69568880699596,28.041303886798588,26.351947051275502,8.420436137777147,7.251498021296245,19740.0,78.81256013949971,12.395506348831924,91.20806648833162,0.5325357501173491,0.5739466959618722,6.306465524683267,38.76291101046112,41.822091644849266,44253.0,1378.882937162299,19.252932004609857,5.174790409689739,6.047047657785913,67.83494904300274,1.6902808849117574,71571.2386052923,Medium,0.7246059986056362,2025-10-31
75061,0.2437837450212455,41.34774682912166,4.170918455828233,1330.2713675213674,27.97828994191654,9.100884655414928,28.88944895097825,26.74866054067655,21.642901064105967,5.408360224239527,8.209744564584774,26619.0,75.1856312451343,16.256033413006968,91.44166465814126,1.3461035943604356,0.9350058043379784,5.632364028501913,58.74583327103835,58.486658154823274,57224.0,1897.2993374237578,14.810219488326576,7.598210541031735,4.983922829581994,70.36208583810988,2.2455613029498114,62695.166101635674,Low,1.3776323221787763,2025-10-31
75062,0.24868760754384578,38.69608549816222,4.128726445335658,1559.25,24.90061727398735,9.822012019791197,37.91981831382042,22.313144997503993,19.821905190471924,5.742400690941339,4.3807187874711255,23081.0,75.09329370297566,10.719300251314149,85.81259395428978,1.43146758145274,1.9489364261718727,9.631563143475457,57.417753623543966,62.84535456828142,52626.0,1902.2343904799995,19.119826701630373,14.513738456276366,13.774560103370957,49.12400714475734,3.4678675939649604,74303.33015999696,Medium,0.2798852774077359,2025-10-31
75063,0.19028017547632095,30.98175053718889,2.2995437297194994,1548.3846763511608,24.771298282196785,7.406731596240515,31.65154424175608,29.274307147934383,23.773744273895158,6.732711090124364,1.160961650049497,16889.0,70.47948400470578,8.469620598662981,78.94910460336874,0.2786730351329713,0.10804321728691475,19.416011811363884,53.44374070078687,66.32459080103429,42607.0,808.0820779991898,17.605088365761496,10.333982678902528,61.76449879127843,6.4496444246250615,3.846785739432488,134160.9250123219,High,0.17331442622460133,2025-10-31
75065,0.17972343658573403,24.705304518664047,6.581532416502947,,30.273944240131875,7.420782706144771,17.00951724310407,28.78713792370424,29.887321222908824,12.352408782666474,4.542832121471619,6112.0,84.24624575667298,3.768475399878518,88.01472115655147,0.36894923258559625,0.0,6.571273431973979,27.327087807065155,28.006648117439347,11859.0,284.8560216344303,60.67965258453495,6.054473395733198,2.512859431655283,27.683615819209038,3.0693987688675266,110526.92444556877,Medium,0.0,
75067,0.24264805112081295,37.415411543087856,2.4156457083092193,1424.7545145145148,27.037296121439514,10.743681087503246,27.175293968104782,24.472508119857515,26.59816422909278,5.712080205519587,5.298272389922087,33458.0,76.1930924052305,10.411910579489113,86.60500298471963,0.3922215480190219,0.8524607127320016,10.963071850738874,59.20887664459695,70.2427105186076,66784.0,1901.4415331351584,35.51599185433637,16.249401054144705,10.830438428366076,33.59786775275515,3.8063009103977,85242.83066303306,Medium,0.0,2025-10-31
75068,0.20877211897910175,35.723198454404944,11.461827472372168,2290.149171936164,38.93221420889734,6.1933038068422634,12.11806586155438,21.35684558104465,29.21170891236828,14.24656842308635,16.873507415104083,24272.0,71.86332031987487,9.102946907376221,80.9662672272511,0.13710099404815715,0.27109258754666754,16.946739057231156,16.7924029641845,32.32348223036491,63660.0,688.2126621153055,40.85139805215206,19.992145774426643,10.49167452089224,21.842601319509896,6.822180333019165,135134.22764687403,High,0.0,2025-10-31
75077,0.2046343761796847,43.32806638425943,2.7698986191319652,1743.578947368421,28.605615060522606,12.116012321447855,23.209827697537307,24.337570405131395,24.077339649490312,9.342134730061126,6.917115196331996,17762.0,73.66465904181183,8.310182823107846,81.97484186491968,1.0237538050233095,0.456404093106854,15.81537544703911,20.057150557101238,37.08412531436057,40585.0,1014.2960196086133,66.36442035234693,5.674510287051866,7.35739805346803,16.717999260810643,3.885672046322533,126596.15429345818,High,0.0,2025-10-31
75078,0.17302329314046105,26.614987080103358,5.943152454780361,2320.0454059829062,40.30494652406417,4.171122994652406,6.390374331550802,28.52941176470588,28.12834224598931,15.561497326203208,17.219251336898395,3740.0,71.52960193978582,2.8692665184885833,74.3988684582744,0.0,0.0,24.429177611638714,12.593556784900747,21.44484217377156,13088.0,158.83052539944438,50.198655256723704,7.059902200488998,19.857885085574573,12.69101466992665,10.192542787286063,166713.0,High,0.0,2025-10-31
75080,0.390245692584264,46.688483294269304,9.044440386237088,1834.7489898989895,27.216608177322602,12.693384345543016,26.560736042497997,21.94337593186098,25.494713923254224,6.704581766905641,6.6032079899381415,16728.0,69.20440909842635,8.038949277182644,77.24335837560902,2.4696454720190095,3.992553440117032,14.741829774631002,40.081919094394884,56.96163141858616,37088.0,1263.5392227937864,57.738352027610006,6.112489214840379,7.029227782571182,24.45804572907679,4.661885245901639,111990.65549503882,High,2.176575334420976,2025-10-31
75081,0.21244197290835398,31.683018384483603,3.6344934165698457,1635.8253968253969,28.48340010063145,6.223253875020561,28.34118814546592,25.526026175700625,25.784332057480917,7.46264134683908,6.662558399492889,13220.0,74.03556009096252,5.145202670748858,79.18076276171138,5.18036489335842,0.827643981485265,13.365702872211841,43.48070746259966,59.27618350185713,27343.0,1170.345087951007,53.13242877518926,12.738177961452656,10.536517573053432,20.3196430530666,3.27323263723805,94935.68247814797,Medium,0.9922196579177013,2025-10-31
75082,0.23808303030041886,24.208214624881293,0.0,1669.9367845117845,25.99272101123156,12.64528626775721,24.28433060697374,21.952412632567604,31.18273783900129,7.611141548937503,2.3240911047626502,1416.0,71.85710442369039,3.6791575387217033,75.53626196241208,1.4693877551020407,1.9745570544602022,20.652446289250165,55.118110236220474,69.18914649557694,3928.0,183.3707663340856,59.445010183299395,13.543788187372709,13.569246435845214,11.685336048879837,1.7566191446028514,130794.11099796333,High,1.1794848873163228,2025-10-31
75088,0.23726434695057672,25.109015533165408,2.93975650713686,1621.9992372234935,33.460335871105045,6.601628898558198,24.811657366481672,14.30406646911708,28.513671691285264,16.786818973407883,8.9821566011499,10625.0,81.15989215365057,8.149956942255567,89.30984909590613,0.3543439691189633,0.0,9.903359834333495,15.915060192665797,31.4786244375178,22301.0,569.8162374439116,56.885341464508315,16.990269494641495,3.9280749742164027,17.976772342047443,4.219541724586342,109270.22568494687,Medium,0.2696171328542127,2025-10-31
75089,0.1895510129081836,47.04949331506276,7.644354655837061,1945.7546296296296,37.446905450212974,4.795363520626492,14.107939011528638,21.087859512045974,27.77117930299985,19.95007446899049,12.287584183808557,14288.0,76.59819321038663,9.890242255198906,86.48843546558554,1.8461526777938724,0.32630180725622465,10.992376365418496,17.044459175540798,28.669694123436724,30345.0,834.5593566025896,39.700115340253745,26.182237600922722,8.604382929642446,20.80408634041852,4.709177788762564,126049.2551326413,High,0.0,2025-10-31
75093,0.20328063733714255,31.124807395993837,16.94915254237288,1754.8690476190477,24.938878676470587,11.488970588235293,32.35294117647059,22.886029411764707,23.34558823529412,8.180147058823529,1.7463235294117647,1088.0,67.38255033557047,4.228187919463087,71.61073825503355,0.0,1.4093959731543624,26.97986577181208,38.88556021569802,87.29778310365488,3360.0,90.03836680196052,81.2202380952381,3.5416666666666665,4.0773809523809526,10.803571428571429,0.35714285714285715,124063.0,High,1.3338161488062645,2025-10-31
75098,,0.0,0.0,1938.742017879949,39.175581971272905,1.733531451213472,16.542842991579988,20.950965824665676,33.28380386329866,6.934125804853888,20.55473006438831,2019.0,61.96513470681458,3.050713153724247,65.01584786053883,7.725832012678288,3.1695721077654517,20.007923930269413,1.7385705086928525,65.03541532517708,6603.0,65.54096527083178,37.37694987127064,15.053763440860216,19.157958503710436,22.913827048311372,5.497501135847342,127176.0,High,0.0,2025-10-31
75104,0.265182193030011,49.11389518236567,2.4584468142709115,1978.2560185185189,34.16076285513523,9.719289982565885,16.36299840212851,20.063607790545714,28.7651929937153,13.793295513661176,11.29561531738342,18864.0,80.54974160196986,7.119708596917491,87.66945019888732,0.9698082466190227,0.6982453700037865,10.422336504659462,28.72318107148593,51.58080514094291,44283.0,429.71696635279255,15.814195063568413,51.05345166316645,1.8630174107445294,27.102951471219203,4.166384391301403,90773.1206332001,Medium,0.0,2025-10-31
75114,0.15590886075949367,40.562248995983936,5.622489959839357,1879.7222222222224,37.79966703662597,17.452830188679243,11.847946725860155,11.653718091009988,24.83351831298557,13.318534961154274,20.893451720310765,3604.0,74.44717444717445,10.0,84.44717444717445,0.22113022113022116,1.1056511056511056,11.449631449631449,9.62877030162413,23.54988399071926,8358.0,74.37832336393583,72.33787987556832,2.823642019621919,0.7298396745632927,20.220148360851876,3.8884900693945923,116485.0,High,0.0,2025-10-31
75115,0.23837595254032692,39.45354376540757,0.4340676768295058,1928.625816993464,32.92272861299255,6.0919519383398795,21.600609722220828,21.80538414257769,27.69041450447807,13.950149621175404,8.861490071208125,25384.0,79.12928614063291,8.987492921934168,88.11677906256709,0.8637451155973125,0.552504828307469,9.505387037560602,31.81971429707781,58.034792392519385,54566.0,998.9289566077954,8.62808342191108,66.09976908697723,0.6029395594326137,20.725360114356924,3.943847817322142,87855.47978594729,Medium,0.025918169965961413,2025-10-31
75116,0.2999545524719441,59.44887141331808,9.878602626170292,1886.6666666666667,30.925948361166093,6.128029931583606,25.77182973309859,20.26953720792881,31.296576845819438,8.348730757894886,8.185295523674679,7453.0,77.37346159228655,11.004042328369792,88.37750392065634,0.3633141338059371,0.922836278614781,8.882790473864729,36.37646705255452,56.917043429487954,19746.0,1492.4415361792624,21.17897295654816,24.496100476045786,1.929504709814646,49.72146257469867,2.6739592828927377,60506.49843006179,Low,0.0,2025-10-31
75126,0.2469604829439609,66.09891680777984,12.61660787422753,2088.514831573655,38.99534584900676,6.589888879775245,16.65061394507476,14.736702378015318,28.062367942946867,15.134016353950154,18.826410500237657,27575.0,81.204799284978,6.1754465559160066,87.38024584089399,0.11091121653552194,0.9824832061347303,10.832186318518051,14.643382241593576,35.19722283525034,77947.0,358.7656545474292,45.14092909284514,25.115783801814054,3.0469421530013983,22.900175760452615,3.796169191886795,103140.54782095527,Medium,0.0,2025-10-31
75134,0.27238479641659014,58.474065542103716,10.100329053390102,2079.972222222222,35.32437144990898,7.432282614525055,21.74159771453575,16.440654770321952,28.934822892663497,9.520347959514885,15.93029404843886,8011.0,83.5641167749788,9.642151559997874,93.20626833497667,1.4162437564037917,0.2701242571582928,4.58062135000258,28.92700683838896,55.96818971408021,16612.0,604.3865036066594,6.940765711533831,75.74644835058993,0.3431254514808572,15.151697568023115,1.8179629183722612,78707.65446665061,Medium,0.0,2025-10-31
75137,0.24306684729983533,51.73295720260285,8.230025246114355,1632.2222222222224,28.800810990840205,8.34459455999646,25.375257699530625,22.724016781163545,29.158386948640374,9.097858478225094,5.299885532443894,9383.0,83.72831330458602,7.554874730430889,91.2831880350169,0.2917778258466123,0.4152059562151053,5.452719741444781,28.928329776564098,51.82588785440446,21796.0,1400.614161658576,24.403560286291064,36.222242613323544,0.6560836850798312,36.58010644154891,2.1380069737566525,97241.13048265736,Medium,0.0,2025-10-31
75141,0.43134246575342466,70.10526315789474,6.315789473684211,,34.926127527216174,11.430793157076206,19.984447900466563,14.074650077760499,27.13841368584759,13.685847589424572,13.685847589424572,1286.0,76.11827141774071,19.9393479909022,96.05761940864292,0.0,1.4404852160727823,2.501895375284306,46.568627450980394,61.372549019607845,6723.0,208.12032498673668,14.204968020229064,35.96608656849621,0.1636174326937379,45.29228023203927,4.373047746541722,45250.0,Low,0.13138250197000162,
75142,0.19576866120417277,42.17891632231564,7.884238299407893,,38.14326570222083,7.691278663404231,23.24581184681307,15.468713908587665,18.821145311800798,15.082711061254859,19.690339208139374,8245.0,81.36473319560882,10.801633095194093,92.16636629080291,0.11627906976744187,0.43535954945934935,6.437656146859965,27.371590427836338,33.48003011336546,20701.0,43.55718974588385,53.30177286121443,7.695280421235689,0.10144437466789044,37.017535384764024,1.8839669581179652,83984.71595575093,Medium,0.001491378718731631,
75143,0.176541835196951,55.8705290239756,7.194244604316547,,41.92036310789194,9.425581732916518,25.33837534341535,10.181034616609269,11.147901734127592,17.806971815841724,26.10013475708955,4907.0,81.49857525318099,11.375224209908561,92.87379946308955,0.056116722783389444,0.0,5.910859067331678,20.994761722432276,52.87784722353698,13759.0,25.842157627600855,79.21360563994476,3.401409986190857,0.530561814085326,14.17254160912857,2.6818809506504833,68730.27727305764,Medium,0.0,
75146,0.28015526441995947,36.594698324854946,6.944043745083297,1940.8333333333333,33.31257611585008,2.5818811401583273,23.560507992888233,17.074491680592125,34.230259962268924,15.845568839921372,6.707290384171023,9479.0,82.1026922794938,11.313023341874123,93.41571562136792,0.2750085940185631,0.0,5.0441615978347,33.59396890217232,54.93219592975021,22076.0,243.96431465630403,10.536329045116869,61.70954883131002,1.0599746330857038,23.659177387207826,3.0349701032795795,74272.29751766624,Medium,0.01565517884525148,2025-10-31
75149,0.2801168684283596,45.94164745367772,3.9272065151003925,1585.9569221628044,34.76787881497989,5.3499496843350505,22.545326389258893,17.694453052952273,29.656411943222803,12.129052293388762,12.624806636842216,24116.0,78.18465979567023,15.31195524290606,93.4966150385763,0.22695765647161129,0.8544226765919417,4.56904723658229,31.89168048583926,50.5380834498792,55382.0,1329.0101857389886,25.376476111371925,20.45249358997508,2.186631035354447,49.07190061752916,2.9124986457693836,69763.41679607093,Medium,0.03385341652876799,2025-10-31
75150,0.26020197106840776,42.18439482857101,3.506936416315716,1291.8738095238095,32.947584040885246,7.882681821417175,18.947065791707,20.748231190198457,27.70162972104151,15.349845158578578,9.37054631705729,29620.0,75.74111774969298,14.327560501693672,90.06867825138666,1.052459429162322,1.1280516440151953,6.62176219607127,49.297951703303724,64.31004525240846,62726.0,1925.0924796330603,26.30009884258521,20.339253260211077,3.1119471989286738,47.67401077703026,2.574689921244779,69464.03681089182,Medium,0.021625634525829943,2025-10-31
75154,0.20119405141238048,48.96772662553393,1.3605442176870748,2178.7592592592596,37.03291530710865,3.0671296416499683,20.311064519124095,21.29431861399963,23.44706089331296,17.062384681197187,14.818041650716157,4628.0,76.36299473643535,6.687722248984844,83.0507169854202,1.2117714945181766,0.933304456175196,14.091124031161671,13.660334073979413,37.31346436860265,13216.0,106.61899758156532,15.443401937046005,54.47185230024213,0.0,26.331719128329297,3.753026634382567,89997.82044491525,Medium,0.011441185192601287,2025-10-31
75158,0.14477923994588612,45.95959595959596,17.17171717171717,,44.776116578349736,7.494322482967449,13.209689629068889,17.676003028009085,12.452687358062073,21.00681302043906,28.160484481453445,2642.0,80.25134649910234,13.824057450628366,94.07540394973071,0.21543985637342908,0.03590664272890485,5.134649910233393,19.62338949454906,51.783944499504464,5874.0,25.959360908410176,71.21212121212122,3.745318352059925,0.017024174327545112,18.726591760299627,6.298944501191691,93750.0,Medium,0.0,
75159,0.22616500217746913,47.15549075249936,8.859779077322935,1952.5555555555557,42.233473666719675,4.89123731003532,10.771073065650505,19.061137621532172,26.300346945996044,17.444309022434613,21.531896034351345,5956.0,70.75597811955497,20.30347964344249,91.05945776299745,0.0,0.3438777611982804,7.424649951596646,22.69984292283425,43.34870495759338,18281.0,111.15686590599789,25.140856627099176,17.750670094633772,0.24068705213062744,51.66019364367376,5.2075925824626665,69025.99381871888,Medium,0.004304868015686166,2025-10-31
75160,0.2068369339383736,28.058251437303806,2.395337414040656,1657.0444444444445,33.92777553560686,17.354083271757382,28.527535424356767,9.025930050988663,11.712815569075236,15.22286044383474,18.156775239987216,7630.0,79.7178614153059,12.190132297709999,91.90799371301588,0.0,1.603723208173153,4.4424730945014925,32.94088917130311,50.37866281978094,19627.0,63.62760016565103,45.009425791002194,19.96739185815458,0.6725429255617262,32.21582513883936,2.134814286442146,71641.40138584602,Medium,0.0,2025-10-31
75161,0.18439844885734022,45.45783046672475,8.017439431913116,,32.01735521061133,15.289183680337258,21.88204797785883,15.46533786213324,19.249919714719113,14.821027327888629,13.292483437062936,6237.0,82.96125712080995,10.659953486061854,93.6212106068718,0.0,0.48843007998845717,5.631538988933236,26.410395651515774,54.112444898296836,14452.0,48.37058065825031,51.010240797121504,5.327982286188763,0.027677830058123444,40.105175754220866,3.528923332410739,64531.51183227235,Low,0.0,
75172,0.222541249582096,45.710627400768246,8.322663252240718,,33.32007822685789,11.408083441981747,15.026075619295959,15.352020860495436,27.998696219035203,21.903520208604952,8.311603650586703,3068.0,83.01825293350717,13.754889178617994,96.77314211212516,0.0,1.1734028683181226,0.0,35.11690647482014,51.97841726618705,7673.0,259.7896187405656,22.45536296103219,26.625830835396847,0.0,50.59298840088623,0.3258178026847387,58558.0,Low,0.0,
75180,0.26560420388607026,37.54637664707669,3.754235060459139,1840.277777777778,40.383704820039945,6.47509631959599,16.056767079538492,13.834747721586965,28.71016570174852,11.767893811265687,23.155329366264358,6805.0,67.51807236534339,30.83661591393337,98.35468827927674,0.8920634393147623,0.0445632798573975,0.7086850015510842,32.951518616754846,52.14149102492047,18551.0,919.5342792434194,14.247210392970729,31.35680017249744,0.08085817476146838,52.86507465904803,1.450056600722333,73123.43539431837,Medium,0.03500266725024847,2025-10-31
75181,0.2462767983094319,59.86005226177342,5.7312314459939335,2779.3703703703704,38.72647667530485,3.6490593490633976,16.237923679576454,16.098957043941486,30.643735676110484,18.739546359372167,14.630777891936017,14604.0,78.88975922223464,14.522231717817593,93.41199094005222,0.09592878247189286,0.14301319280407676,6.349067084671795,19.22232534273161,30.050008455804164,34514.0,764.3718272450144,15.758822506808832,39.45065770412007,4.291012342817408,34.31940661760445,6.180100828649244,93184.20693052094,Medium,0.0,2025-10-31
75182,0.15685470085470085,69.23076923076923,24.89410858683096,,33.79719678681836,3.9715082688719603,18.463986306975144,18.368028431528025,37.47914916860981,13.35826133433574,8.359066489679329,4049.0,80.01174788580607,8.246787608901005,88.25853549470708,0.24487978628673196,0.0,11.01873936713826,24.67179035255704,33.64861069752015,9705.0,186.39836572309653,46.759402369912415,13.312725399278722,15.816589386913963,17.362184441009788,6.749098402885111,145360.76506955177,High,0.0,
75201,0.23208956883914778,26.196743585730232,3.4365701638323642,2159.1358646611766,23.91648976603402,17.45175175954596,33.372754286701024,20.055637446517586,19.147722733551902,5.3733088318045725,4.5988249418789575,8479.0,65.35418334851173,3.8511114571310094,69.20529480564274,2.617767440742254,12.044362329329608,14.819597478113261,90.26431435071181,132.09673671293135,12278.0,3443.804251794075,66.33816582505294,8.690340446326763,7.631536080794918,12.852256067763479,4.487701580061899,109245.56246945757,Medium,31.43862445492385,2025-10-31
75202,0.2309040192124972,36.51498148683914,2.372227044118893,2290.2521367521367,23.192061847101662,25.547382692577415,25.74114188055499,16.685367285345468,18.16271616097077,12.111767364303635,1.751624616247721,2590.0,56.09371278875923,1.5037593984962405,57.59747218725546,8.510529717960058,14.765420338175755,17.88818766372946,69.70519950631406,118.99355047487168,4758.0,2747.72058475821,48.991172761664565,16.792770071458595,6.200084068936528,18.852459016393446,9.163514081546868,98214.58532997058,Medium,46.4196839231426,2025-10-31
75203,0.25059493848017345,39.85350433198956,7.454886599787701,1513.6544639376218,33.76509947768308,7.288169362918488,30.078277598360028,13.759974301133619,23.624036709308932,9.407946533499196,15.841595494779728,7372.0,67.86177336736111,18.980470920265407,86.84224428762653,6.36714090596721,0.26461845273931367,5.486905760808907,61.20893414426907,73.15543845152702,16856.0,1351.7226895292326,7.125059326056004,29.105363075462744,1.2221167536782154,60.99311817750356,1.554342667299478,52393.25492406265,Low,5.262542174339453,2025-10-31
75204,0.23695901307514058,33.206635404658314,1.3632792179316908,2019.718760143488,25.209105726883685,11.841184861751277,31.971622183445533,23.107704722018752,22.876563018778874,6.24247590554961,3.96044930845596,17247.0,68.15183421861217,6.24732980029079,74.39916401890297,3.273935823761397,4.792661359168659,15.074202811657463,81.3760900324728,107.35621971706182,29671.0,4475.335367178577,53.412422904519566,16.113376697785718,5.682316066192579,20.902564793906507,3.889319537595632,93801.48434498331,Medium,16.90114428537073,2025-10-31
75205,0.14842235415537405,38.014285198394866,3.5569097668226544,3162.4095203042575,20.822097732454836,14.42963246724211,45.27703644503589,20.670094491956057,14.254095022834704,2.9551066310500653,2.4140349418811753,10380.0,70.94946513282962,3.674485862595962,74.62395099542559,0.6442598897086457,4.676386677743586,18.053431030080922,35.67912043275017,58.09882691793092,27686.0,2444.1295569573886,79.7514989525392,1.690385032146211,4.962797081557466,9.304341544462906,4.290977389294228,211566.2771075634,High,4.227292307480881,2025-10-31
75206,0.22072240263032175,31.242124452200745,1.8875366301677226,2031.764139515455,24.802537994403426,10.310927612793543,34.2246196166191,25.34592109957787,19.825870499272582,7.207953845135795,3.084707326601117,21567.0,74.39369132261925,4.509017880679314,78.90270920329854,3.628982399802043,1.864950117428583,14.094033749847517,71.13239064194752,103.61502435305485,37680.0,3420.8195751654684,65.01592356687898,7.576963906581741,8.97823779193206,14.174628450106157,4.254246284501062,102262.12608811041,Medium,8.887552028887756,2025-10-31
75207,,,,1569.9555555555555,,,,,,,,0.0,,,,,,,,,4960.0,490.88411149782235,26.129032258064516,37.52016129032258,0.20161290322580644,32.237903225806456,3.911290322580645,-666666666.0,Low,5.372146396485333,2025-10-31
75208,0.20750003818863116,35.52544936532837,4.240023611418838,1608.5297418630753,28.962441550479227,9.728163084904335,28.17368366066786,21.149602788892803,25.299757708113248,7.367439807722349,8.281352949699409,13990.0,68.57744814846278,11.192378735969664,79.76982688443242,2.2578592481375144,3.5430803025583817,13.765480765948174,45.08902095518415,63.08705152951123,29264.0,1844.6760645155766,35.57271733187534,8.587342810278841,1.2951066156369602,51.852104975396394,2.6927282668124657,83441.29746446146,Medium,1.7342893235292707,2025-10-31
75209,0.19109999595620827,47.55116168708588,4.612348803094353,2030.703174603175,23.0867637409683,11.53934938260487,41.99752879932454,23.1288628752851,16.143632239336895,3.5127327156404915,3.677893987808102,7092.0,74.58720364331914,5.945005866362305,80.53220950968145,1.8037110624037909,0.9934579733505595,15.771522440459762,41.6415502613614,79.27143902047848,14575.0,1606.093939130778,65.42710120068611,11.849056603773585,4.5763293310463125,15.382504288164666,2.765008576329331,164330.41838765008,High,0.9308993018543643,2025-10-31
75210,0.2555202476981993,44.96,4.24,,37.99449541284404,9.495412844036698,18.807339449541285,15.59633027522936,27.06422018348624,11.559633027522937,17.477064220183486,2180.0,56.23592976136875,26.114362899594777,82.35029266096353,13.417379558757316,2.3863124718595228,1.846015308419631,63.9386189258312,75.49872122762147,5226.0,830.7514544753983,2.9468044393417525,70.20665901262916,2.2388059701492535,23.115193264446994,1.4925373134328357,29124.0,Low,7.511353174144936,
75211,0.24234938785971183,43.11719415283332,6.283391288794009,1548.9579975579975,30.12016040812739,7.218266299197254,25.20217501584917,21.186712658321138,30.36076689407952,7.755031587327389,8.277047545225532,30244.0,73.07581475180235,15.916113163283613,88.991927915086,1.8253630067094428,0.685247693660921,5.346886950225848,45.46050503112364,50.63221316044214,70029.0,1489.4512724408685,9.033400448385668,8.497908009538905,0.45552556797898014,80.53235088320552,1.4808150908909166,57047.427208727815,Low,0.900565234056592,2025-10-31
75212,0.25609132012733077,50.1864411471868,23.12306320020598,1577.8393762183234,27.12744037950448,5.106220340614777,36.08071836780086,22.80564483901547,23.922491804831292,6.530299452903428,5.554625194834183,8293.0,67.37045058789955,23.471973489696097,90.84242407759568,1.4335377298932066,1.2442455782688364,5.358217464670499,39.55493265643725,55.79039657661266,26085.0,1000.0962073851332,3.580601878474219,22.894383745447577,2.254169062679701,69.97508146444316,1.2957638489553382,48981.90373778033,Low,1.054143777586516,2025-10-31
75214,0.18202616403075944,34.612566106890405,4.012329871550573,1641.6299779403228,27.10370001504738,8.531939219865597,30.807421966312024,25.572605128370487,21.18678229329426,9.458106467554382,4.443144924603251,14768.0,67.24694002874143,7.511545920781493,74.75848594952292,2.9876244747546274,0.8199387154259034,19.78119276627405,42.92268770897727,73.90110677135009,33201.0,1545.0241016372147,73.31706876298907,6.837143459534351,2.2017409114183306,13.222493298394626,4.421553567663625,156071.2090298485,High,2.523828393758217,2025-10-31
75215,0.323988954269848,50.59590469688817,8.490028466901261,1711.1157796451914,28.94421063198188,8.014528736810695,24.177526028943298,31.12605699320938,22.669419615893965,5.516280393583083,8.496188231559577,9359.0,72.26705359653819,7.653218037216159,79.92027163375435,8.775211042217645,5.642185229850162,4.607728490501356,71.1567146643257,88.48223522320747,21993.0,1090.5087878621891,18.246714863820305,51.00713863502023,0.10912563088255352,24.69422088846451,5.942799981812395,59996.28513617969,Low,3.2534586702592403,2025-10-31
75216,0.3932392232200727,54.48937341300259,13.770312644552861,1851.888888888889,33.79639533048581,5.488953403058467,24.417684884083016,20.133072154054663,27.36996218885142,9.490511020169903,13.09981634978252,18557.0,72.77069230735377,15.32461356044365,88.09530586779739,6.82552740971733,0.9739721928099733,3.11178264461739,50.794543503305356,73.30326463676066,56604.0,1450.1134862593335,3.1128542152498055,49.858667231997735,0.30386545120486186,45.50738463712812,1.2172284644194757,37244.60518691259,Low,5.101627752825146,2025-10-31
75217,0.29165612622204695,50.61475607032836,11.379518995133916,1765.8225108225108,39.09846075642512,2.8483958749671356,17.05239781211598,18.05691770832391,29.18400814329841,16.503802566671553,16.354477894623006,33035.0,79.27740080991093,15.305616929995765,94.58301773990672,2.163509090453344,0.268966656624726,1.9512716490776512,38.64554635734302,41.36527646071494,85071.0,1140.5272522557007,5.589448813344148,21.660730448684042,0.7335049546849103,71.07827579316101,0.9380399901258949,53115.365729802164,Low,1.3823284537780187,2025-10-31
75218,0.20299683537131327,53.74498757895231,2.996959756117766,1673.3868003341686,26.908325901345375,6.983525826158732,27.983618726552084,28.1512052807234,26.299607931014663,7.057117292545423,3.5249249430056993,10473.0,78.0525435473102,5.271624315107851,83.32416786241804,2.3620726104379464,1.4718929434608479,12.165785448833459,40.69047094359906,74.37175409860751,22028.0,1123.259172195522,59.97366987470492,6.355547485019066,0.726348284002179,29.762120936989287,3.182313419284547,123404.03572725623,High,1.615843641000627,2025-10-31
75219,0.2134818565633302,27.5904919680412,3.434681027064832,1850.864640529858,23.74662662743561,14.558402403160496,32.427932263736345,20.854770454451767,24.76344459898656,4.414538755181011,2.980911524483824,15896.0,73.58949927040672,4.7073548142617465,78.29685408466847,2.1685251145891202,2.129126169632869,15.603093546061222,68.40050329496788,127.59964654615676,25282.0,4258.620604500696,57.84352503757614,10.920813226801677,11.344039237402104,16.73127126018511,3.1603512380349654,100615.26065975793,Medium,13.529865442735785,2025-10-31
75220,0.24353024850113172,45.356228320145085,9.066110005261423,1409.256582633053,28.21443064989392,12.5397956684845,26.732974405455458,24.61038473038846,21.07551666541818,6.537127965535444,8.504200564717966,18551.0,61.086494429685175,23.914007977600516,85.00050240728568,3.619076628208655,3.1081925038954066,7.972753616280689,61.13393606675887,59.34989170266793,38296.0,1242.8264361024046,20.785460622519324,3.9612492166283686,1.1802799247963234,72.93451013160643,1.1385001044495509,75823.96054418216,Medium,2.1465838354917053,2025-10-31
75223,0.23246322763909344,35.56245321997444,7.875573249691925,1396.25,30.55350515655946,6.537089202662199,22.83946754904333,27.443145583466343,25.05510545517924,9.85394223403111,8.271249975617767,8409.0,73.22767763916553,16.095786671876855,89.32346431104237,2.5415633084749865,0.4674900606359701,6.68538200985472,52.074367916887546,65.63559236817704,14470.0,1801.947233052344,20.649619903248098,12.598479612992397,2.328956461644782,62.77816171389081,1.6447823082239115,64122.115134761574,Low,1.0533960655178276,2025-10-31
75224,0.2807080858891915,53.327400767410914,8.661575695951088,1353.5111111111112,31.07993691098298,7.914527261994077,29.180851069548368,17.950906817959183,25.508428183400895,8.990797350674823,10.454489316422652,14482.0,72.2249334380208,15.584633067737188,87.80956650575799,3.9334660062680227,2.7026839668232836,2.8826833329554318,51.11418378910737,64.51919136960977,36574.0,2454.6217991743188,9.028271449663695,28.755400010936732,0.4347350576912561,59.394651938535574,2.3869415431727457,54861.4583857385,Low,1.1847787308556943,2025-10-31
75225,0.1928425583809176,53.307210551509144,9.26610058974281,2802.875,19.684743832640155,16.036813768736625,42.4033605457256,23.718316560298984,14.238849166059476,2.720557158808555,0.8821028003707566,6944.0,72.87488029056367,1.9486447444682293,74.8235250350319,0.0,2.9646971400457893,21.30575338290799,27.980686473343393,58.83118791600989,20951.0,1726.5447826830582,90.53983103431817,1.1168917951410433,2.98792420409527,3.112023292444275,2.243329674001241,192516.8582883872,High,2.6097567980051455,2025-10-31
75226,0.29463395172551365,46.728971962616825,3.8421599169262723,1602.9927350427351,23.809451219512194,12.271341463414634,32.16463414634146,24.390243902439025,26.29573170731707,2.591463414634146,2.2865853658536586,1312.0,57.90200138026225,4.899930986887509,62.80193236714976,9.04071773636991,11.456176673567978,9.454796411318151,86.67866786678667,132.3132313231323,2675.0,958.326054578551,41.53271028037383,26.691588785046722,3.7009345794392523,19.962616822429908,8.11214953271028,70932.0,Medium,16.923097791978538,2025-10-31
75227,0.2722287972136473,44.277324277124514,7.886499071516224,1262.0328282828284,35.026519629271526,5.454849130545534,17.265807100141554,19.740721187627287,33.998368621928606,10.708946503924679,12.83130745583234,25465.0,79.95370632696522,12.276448464714925,92.23015479168014,2.7687531326703465,0.5583117019506987,3.465646370084792,43.307325380431244,55.388511457065796,61145.0,2037.9981498564957,8.110229781666531,27.923787717720174,0.8340829176547551,62.644533485975956,0.4873660969825824,57283.92965900728,Low,1.0108508326742223,2025-10-31
75228,0.27266998834767936,46.52388402451544,8.79564900116099,1233.9709066597652,33.10721733224497,5.978958065906019,21.921667479803585,17.0693392385619,32.075390411819235,14.020807085453896,8.93383771845537,30618.0,79.20461814165516,11.001230422430107,90.20584856408524,2.162726519929702,0.9599569111945215,6.043968653452017,48.08148212974825,63.766490578951206,69547.0,2343.339138601276,20.666599565761285,19.526363466432773,2.234460149251585,55.49915884222181,2.073417976332552,60514.074740822754,Low,0.8070320995508921,2025-10-31
75229,0.2013399330335212,41.04565525950712,18.912104600240074,,24.601325288765203,7.678507118553859,35.7870989946502,30.16847740385422,18.40243178480214,3.5935821803569783,4.369902517782604,17778.0,69.66135278800277,13.632040704266927,83.29339349226971,0.6338022976791107,0.8377006444578473,14.267999203719874,29.526619997311414,45.37882094276726,38433.0,1176.1745120491898,46.58756797543777,3.822236099185596,7.134493794395442,39.46087997293992,2.994822158041267,128891.81372778602,High,1.1406387622571987,
75230,0.19048914525995678,38.617974056669844,18.292226845686944,1478.830409356725,22.113499507974737,9.707954113754365,41.16735881566884,27.015429220045473,16.680335451016354,3.3136233820214898,2.1152990174934807,12185.0,73.8172809391423,7.563648397545049,81.38092933668736,0.7009314062128136,1.9526863498332827,15.198305020915916,31.917554482666922,66.11497591803648,25339.0,1364.0047441958338,70.26717707881132,9.495244484786298,3.4018706342002445,13.394372311456648,3.441335490745491,150125.09803070367,High,2.1575267377577774,2025-10-31
75231,0.2953477101839561,42.40521954594062,8.645916249601875,1322.0885140200928,28.995302873425096,10.473268476922899,23.472721654015597,26.08298660989296,24.38241859968033,6.5416286605954586,9.046975998892753,20259.0,68.18524993791966,11.88220596940336,80.06745590732304,6.770326096333677,4.2396020044649125,7.684281031001559,77.36775063434358,92.82493666749501,40037.0,2789.5158666991247,32.28263855933262,22.564128181432174,8.544596248470166,31.79309139046382,4.815545620301221,74417.68419212228,Medium,4.9511406824327695,2025-10-31
75232,0.3291010495624603,55.57828342224389,13.171934266596026,,31.202444956638974,5.800132608093543,26.059113536170575,24.374093761177345,22.717976568904383,14.271901299011457,6.776782226642703,12782.0,72.0600641268946,12.846794520328267,84.90685864722286,3.5960302485281233,0.5000666489175882,10.190281812479494,37.861921537403596,61.60592945515724,33663.0,1471.8848756158775,5.237204051926447,49.33903692481359,0.172295992632861,43.93250750081692,1.3189555298101774,56019.1446692214,Low,0.5254849498423989,
75233,0.23944899819660684,54.15274745748468,5.25983347688774,,28.954192106676956,8.548438507482608,24.62067345509321,22.071282436114583,31.997697224005474,5.927950743561007,6.833957633743119,6196.0,69.8447528866855,15.770536807495821,85.6152896941813,6.081392879795964,1.162375687386062,4.564423326393713,43.59378497145281,43.30964601133485,13900.0,1501.7627946581383,11.37410071942446,25.194244604316548,1.5179856115107915,60.02877697841727,1.8848920863309353,70504.33928057554,Medium,1.1444958905401634,
75234,0.23680915638532155,32.432984361643875,2.4664554936714733,1730.7261904761906,25.253122635697583,9.647396809992037,30.82877659917644,26.22939243787743,24.452326694443148,5.745276675468446,3.096830783042501,14834.0,79.58050512130117,8.878913055505832,88.45941817680699,1.431014490678998,0.916748043668137,7.543652373889037,29.05456700703733,50.784582573993006,28099.0,1047.289964863104,33.29655859639133,3.7901704686999538,6.224420797893163,54.841809317057546,1.8470408199580057,87953.45175984911,Medium,0.5238487275584375,2025-10-31
75235,0.2954101258091931,51.42246890955568,6.576093128306641,1555.4419191919194,25.69872408781486,14.139355872438534,33.001626276065785,21.239164828249017,20.140080400703848,4.853568917445821,6.626203705096991,11488.0,72.54927456757073,10.556242150532025,83.10551671810275,5.452153681322257,4.471226742676299,5.619239351515296,76.48011502127049,93.31317979579194,22171.0,1283.634537673397,24.184745839159262,15.520274232105002,8.529159713138785,48.924270443371974,2.8415497722249787,56360.89838076767,Low,6.360500354154272,2025-10-31
75236,0.22747117672879832,37.65706962634754,3.9272559513730916,1499.321164021164,25.832673661190583,10.341947751822596,31.152328333941313,28.90941646129686,18.634004703075476,4.5864614612489545,6.375841288614796,6357.0,73.07697345088611,10.550419710632086,83.62739316151819,0.8190505730144878,4.677404677404677,7.086013322036944,57.23956897474752,59.22496689405353,14716.0,412.2411283652034,22.601250339766242,30.592552324001087,1.9094862734438707,40.078825767871706,4.817885294917097,65587.7111986953,Medium,0.23748014034268822,2025-10-31
75237,0.3945373166643695,59.68438050464645,6.664985365314608,1218.2757352941178,28.710354630914424,10.7180483218269,29.068912623806767,22.036782024011927,22.961784991422707,6.371284405388501,8.843187633543192,8934.0,69.69470388989039,10.684372275597063,80.37907616548745,7.466415335032803,2.2541585365713566,6.627332804182763,87.82873479045912,108.62224191759826,22592.0,1308.432562465078,2.009560906515581,73.57914305949008,0.2301699716713881,21.71122521246459,2.469900849858357,38681.30546211048,Low,0.5321791194346097,2025-10-31
75238,0.22217397833779953,50.606811636296435,5.2379233819519495,1318.75958994709,28.579464685789198,8.301886538055731,21.834365472353404,24.29256314257089,33.4584161248785,7.514552955134446,4.598215767007025,17518.0,76.56126355007389,7.604089552620128,84.16535310269401,1.9117492756475698,1.2359944545373533,11.865249894839224,53.07249817877073,70.62511046035868,38490.0,2257.1227385679886,46.139256949857106,23.915302676019746,3.5853468433359312,22.091452325279292,4.268641205507924,99061.10137698104,Medium,1.4440919968444281,2025-10-31
75240,0.29551015502306366,44.40571061707474,2.5878121564308434,1589.0619126819129,25.870642206902332,7.006884405525853,31.749883978519122,25.96304777402949,26.552973155384848,4.295256165524495,4.43195452101619,12232.0,67.51929162197627,15.830537601819708,83.34982922379598,3.070494918954676,5.049988094582697,7.316467979746214,79.75100735479468,81.15173383534557,23578.0,2403.3013620414804,19.819323097803036,19.369751463228432,2.8670794808719995,55.75536517092205,2.1884807871744845,57115.99469844771,Low,1.9338831407000612,2025-10-31
75241,0.33767957817800576,58.863790295967725,15.101232153350445,1637.1898148148148,36.818964675850886,5.689991612219115,15.699089051959804,21.546382847143075,29.659825529643154,12.024698956634982,15.380012002399873,11405.0,73.22128820988281,17.568368451440183,90.78965666132301,4.361467607497275,0.6333314157364894,3.067415455200644,40.49453680508942,69.30140153996982,36479.0,555.0360494433008,3.700759340990707,60.9857726363113,0.5948627977740618,32.52830395570054,2.1903012692233887,50235.808163600974,Low,1.1508176051164343,2025-10-31
75243,0.28955114278499783,46.99527593839775,3.9417274084290077,1064.515878086362,29.307394189816225,6.506312134810866,24.877403911169594,22.991439133841926,31.42763592055246,7.556821236442049,6.640387663183105,29292.0,71.76392450700133,9.673823665666434,81.43774817266777,4.724264322284478,2.6286034024302753,9.439651921280747,74.60717980678493,90.13721290954257,63362.0,2652.4822803673355,19.37596666771882,44.735014677566994,8.80338373157413,22.669738960260094,4.41589596287996,55203.78913228749,Low,1.0006462917227716,2025-10-31
75244,0.17600175162696471,27.731260654043584,1.5873015873015872,1729.4278752436646,23.50718554109379,11.784813042019564,29.230126977651963,35.32134715839804,17.894629963196014,2.872761387168984,2.8963214715654253,6024.0,70.79143067922386,10.056201215673953,80.84763189489782,0.29885634384287163,1.5033764720910796,14.539238190214943,44.1069622985845,61.698565329235656,12037.0,1005.1469854997642,56.72509761568497,8.46556450942926,7.908947412145883,20.553294010135417,6.34709645260447,120236.38896735066,High,0.8215774273798058,2025-10-31
75246,0.2215672675018362,29.71018418201517,5.069466573194825,1344.3333333333333,26.661525489146456,12.028949246691182,26.798301757979175,26.61493971977843,20.906511350059738,7.037483126192804,6.61381479929867,3217.0,67.28250762277534,10.16414839620514,77.44665601898048,4.075844683828595,4.539142603822663,10.68404175458216,81.33744313449765,100.98405568738725,5539.0,4576.78802474268,37.281097671059754,22.260335800686043,6.67990612023831,29.770716735872902,4.007943672142986,64492.69850153457,Low,18.055628170050518,2025-10-31
75247,0.2553256861941827,25.463591135232928,2.804161013116237,,25.70503282275711,12.866520787746172,30.45951859956236,25.864332603938735,20.831509846827135,5.514223194748359,4.463894967177243,2285.0,70.54409005628519,4.953095684803002,75.49718574108819,3.564727954971857,4.577861163227017,14.258911819887429,99.5945945945946,147.97297297297297,3437.0,199.5031822727044,44.050043642711664,24.99272621472214,5.760837940064009,19.057317427989524,6.139074774512657,83995.0,Medium,1.144990489764778,
75248,0.1575783393516816,34.40133718327898,2.8094102276783475,1406.417777777778,25.364345291571052,8.623388033807275,33.16393177228821,23.417259078353595,26.232743175130636,5.000678681811184,3.561999258609102,17383.0,72.75336249096875,5.657048286622249,78.410410777591,1.1642703553022749,1.065010502411124,17.500868062827575,42.73209586802423,64.25627910100046,38814.0,2005.2972897648897,62.35121347967228,11.431442263100942,4.882258978719019,16.09470809501726,5.2403771834904935,117203.38475807698,High,2.3577602658966073,2025-10-31
75249,0.2606302294306424,48.10180662608261,1.6712248147891713,2276.2777777777774,33.14500520222046,3.4167217529405294,18.92713021383542,25.847749158787884,31.07454809073117,10.851715275853115,9.882135507851885,8759.0,78.28127904179703,9.477326195239689,87.75860523703673,0.37677304964539005,0.2520807923386186,7.408044986871699,28.785515765797697,44.444221817976015,19576.0,1371.647576228538,8.633020024519821,49.81610134859011,3.856763383735186,34.02125051082959,3.672864732325296,81244.32677768696,Medium,0.9908859946245206,2025-10-31
75251,0.2219095783109624,20.22327179046801,0.6869901245169601,1529.3433048433046,25.654840848806366,8.819628647214854,31.76392572944297,24.005305039787796,19.893899204244033,13.859416445623344,1.6578249336870028,3016.0,76.34539373669809,6.263301915475829,82.6086956521739,0.30404378230465184,5.290361812100943,8.300395256916996,76.86468646864687,96.86468646864687,4971.0,3204.371686183109,47.85757392878696,30.175015087507543,5.270569301951317,12.71373969020318,3.983101991550996,88073.0,Medium,8.155700569259112,2025-10-31
75253,0.275042961413427,57.0327140899697,12.843063810760574,1842.3611111111113,40.86965067167889,2.9624274551519205,17.94742478748068,19.81442142716748,22.70887872051192,12.64066986883525,23.926177740852747,11534.0,80.6951551649429,14.661827541127915,95.35698270607081,0.46745774901114706,0.15821646889608057,3.5508167879730124,36.38394971566053,38.8230604944694,28946.0,689.5180292421177,16.589511504180198,13.501001865542735,0.9742278725903406,68.09230981828232,0.8429489394044082,60143.24770261867,Low,0.0,2025-10-31
75254,0.26849048554646854,29.52589786450685,0.9788986903866963,1372.8321105794791,25.31049077846565,8.954492454068243,28.076593292250724,32.73006020231833,22.1616009846364,4.271610106683337,3.80564296004298,15488.0,68.95147779106989,11.070105190116553,80.02158298118646,1.7118811079295457,2.349235585522644,14.80225932377656,74.41932523988422,92.94750033375436,30262.0,3599.680454900323,36.752362699094576,21.472473729429648,6.179366862732139,30.751437446302294,4.844359262441346,78459.95254774965,Medium,3.425912336515433,2025-10-31
75261,,,,,,,,,,,,0.0,,,,,,,,,0.0,0.0,0.0,0.0,0.0,0.0,0.0,0.0,Low,0.8727061291251914,
75287,0.2672187170321712,36.20216577429905,2.0574495707090756,1250.6764698443387,27.65388616370813,6.029220284282552,28.777605367715555,28.217060308705836,24.279809846896427,7.624885166324155,5.071419026075473,16469.0,76.47996370522569,7.766750910019672,84.24671461524535,1.859145834189414,1.5030138806854811,10.777487865082671,80.33493927985978,104.79122758061781,30424.0,2113.845335573727,26.97541414672627,30.909808046279252,6.705232711017618,29.483302655798052,5.9262424401788065,57753.51886668419,Low,1.2186418076509142,2025-10-31
76001,0.248106220683957,61.68041539417411,9.45494260494964,2040.3897435897436,31.773249748282137,8.480861566075953,22.63886657607837,23.820126793158757,24.908009333853613,10.25127891641184,9.900856814421465,13799.0,80.90939258067094,8.844838802961311,89.75423138363226,0.0,0.4854781721113949,9.297830240837417,14.364444474654798,30.946948350770203,33588.0,1214.1145539544723,48.56198642372276,20.44777896867929,5.8562581874478985,20.289984518280338,4.843991901869716,110697.21588067166,High,0.0,2025-10-31
76002,0.2629469785874022,45.34305651392327,0.474608448030375,2256.7382352941177,33.960255327349344,5.187402154067429,18.3496531322702,22.019166061426215,33.00128736766866,11.015645903628137,10.426845380939366,20455.0,84.6974825862841,9.164847848998765,93.86233043528286,0.04772130756382725,0.17050446713156786,5.132732699712444,15.510752814672653,21.84521787323775,39197.0,2119.821471536621,26.433145393780137,31.69375207286272,14.136285940250529,23.39974998086588,4.337066612240733,104011.38426410184,Medium,0.03825517571352401,2025-10-31
76005,0.2871603153049888,58.519778960846416,18.63220792056967,2101.944444444445,29.674939622643954,2.882480101554486,21.068068462446156,27.311705917078093,38.14313143180032,5.731037427804752,4.863576659316192,3563.0,73.52352367838854,4.31958475795597,77.84310843634451,0.0,0.0,22.135812305645373,42.94768840486425,62.02100623803916,9674.0,1007.2828292335145,38.83605540624354,23.599338432912962,23.113500103369855,12.414719867686582,2.036386189787058,132677.81889600994,High,0.0,2025-10-31
76006,0.2625058665420909,39.38355730084303,3.705819537900507,1168.9557865557863,26.92924827561229,8.39295492598264,29.841413596735805,22.228786047190543,27.356802233667985,8.226624717605345,3.9534184788176794,11757.0,84.76827733141934,5.338100355291741,90.10637768671107,0.7551043439641101,0.8256629980270264,6.3796143599437505,74.85830746566793,100.01423260256888,20327.0,1020.7185421137784,27.73158852757416,36.08501008510848,5.337728144831996,27.0576081074433,3.7880651350420624,57441.64077335563,Low,0.03539186721713505,2025-10-31
76010,0.33321949680022406,57.80391645572602,6.444076290513874,1238.511328976035,26.761332108749283,10.18257465256751,33.40839563964231,20.244502626168316,24.294980003332846,6.103157785938231,5.76638929235079,23586.0,72.50912448150943,16.01173643699529,88.52086091850471,0.11335469386493637,3.4150252062835693,5.566636113419777,68.70082264739048,67.24115268711512,58680.0,2571.7981623527317,15.344239945466938,16.72460804362645,7.902181322426721,57.4079754601227,2.6209952283571916,44623.49084867076,Low,0.15466707189546036,2025-10-31
76011,0.3058989782481753,45.309776192845945,1.8532895166714045,1350.8210188933874,27.558367695775065,10.308133220957618,28.73546559757502,23.322327251218024,25.85903053977141,5.40792927727855,6.36711411319938,11383.0,78.94124861681976,11.738709300611163,90.67995791743091,0.10692899914456801,1.656112152707812,5.519432036884562,76.21854352139366,95.77328443582735,22073.0,1044.2567305144091,24.976215285643093,37.783717664114526,1.4406741267612015,33.56589498482309,2.233497938658089,51095.856974584334,Low,0.033367310912300795,2025-10-31
76012,0.19889902306350654,53.110018445752644,7.84831575621303,1588.5809523809523,27.610714451334697,6.174458174737685,33.31060493739013,24.102711197927626,23.91612860822518,6.389172903690632,6.1069241780287395,13598.0,76.50906640448179,9.248326373144911,85.75739277762669,0.21013669756686515,2.504003609065233,9.97665673207642,39.713524920727494,55.72228711452652,30134.0,1407.1909440426755,43.021172097962435,14.820468573704122,1.7289440499104003,37.27683015862481,3.1525851197982346,88227.07353819605,Medium,0.0,2025-10-31
76013,0.2227696693625149,46.276669726089835,4.794195604163493,1757.3737373737374,27.463797531641905,14.341195578952972,23.92902996793312,24.202149669235084,21.808213990499006,9.332563675536782,6.386847117843039,15009.0,80.86375755917847,8.567818735172574,89.43157629435105,0.479343687133825,1.877375287104746,7.845819541015059,49.53448951188023,65.09747723153397,32904.0,1340.240677753214,57.88353999513737,13.512035010940918,6.667882324337467,18.50534889375152,3.4311937758327256,73971.57464138098,Medium,0.258734575062328,2025-10-31
76014,0.28543065385191146,50.533733431569324,7.126286302237192,1696.239350021959,26.332090823234953,11.550202552770045,28.53702789794425,24.840032252135295,21.78421113549641,8.53073991702494,4.7577862446290595,16303.0,80.44063592146995,12.95866897984256,93.3993049013125,0.794963432004443,0.7438438225852647,3.9776196721050847,50.710237381611364,53.79751966163034,36452.0,2450.003800811489,19.395369252715902,22.388346318446175,8.177877757050368,44.87545265006035,5.162954021727203,64863.43797322506,Medium,0.0,2025-10-31
76015,0.24528400790902166,36.66602742362852,5.387753530871025,1633.0614385614383,27.822539915786503,11.268363203655849,33.796488316993916,18.2075045009679,20.359913262505614,9.043786600590474,7.323944115286244,6993.0,83.62644202044596,8.292677329593996,91.91911935003995,0.0,2.26026013993208,4.787555307465382,59.737516288830044,71.1593190396016,14894.0,1347.6433842310798,39.183563851215254,21.841009802605075,6.640257821941722,25.6814824761649,6.65368604807305,73903.1011816839,Medium,0.0,2025-10-31
76016,0.21496172962079493,50.719046442889166,2.7009369674996964,1966.4880952380952,29.3560117668402,8.190346263999098,27.010988443458416,23.958647059551048,22.61029723755633,11.598418284095898,6.631302711339207,13545.0,80.61348364250344,8.216844440253375,88.83032808275684,0.07354029176719815,0.650352159157362,10.077181630918833,20.618656225461272,39.364571213924,31401.0,1232.490932499997,65.33868348141779,8.512467755803955,4.557179707652622,16.46125919556702,5.130409859558613,108310.8270118786,Medium,0.0,2025-10-31
76017,0.2028693877719506,43.05423630272812,8.200116774969693,2188.6470021206865,30.482697032434597,6.8341773111406825,27.90516161317187,22.545453430553415,22.257792337629713,12.984979572538574,7.472435734965743,23186.0,80.4505931138899,9.037611085879394,89.48820419976929,0.06791880293079333,0.7350871996979425,8.015195463507865,33.535163540058704,48.97514763999818,48713.0,1839.0819891918306,46.79859585736867,22.72904563463552,5.957341982632973,19.88996777041036,4.625048754952477,91363.88896187877,Medium,0.0,2025-10-31
76018,0.26787595516804885,48.656338063451756,2.2443890274314215,2046.2045454545453,30.32221864930764,6.649673750195912,22.631905139168722,23.22126979175166,33.44432590631187,7.85376690082064,6.199058511751202,10768.0,80.04090300476739,10.39648147668027,90.43738448144765,0.012309207287050716,0.39166702586320185,7.422428276886997,27.25292916923606,36.25300976389683,20680.0,1015.4620183065977,20.942940038684718,26.552224371373306,9.690522243713733,37.91586073500967,4.898452611218569,78414.30299806576,Medium,0.0,2025-10-31
76020,0.18080219056664212,39.61977789416943,10.836786448381195,1680.1888888888889,33.038177838541074,8.313513265024769,17.19989183572812,15.365487719484237,38.0544786619052,12.39173070743444,8.674897810423227,5920.0,81.35559607117914,7.01903535962732,88.37463143080645,0.022706630336058128,1.4222539306962994,9.07670206616269,25.320406427077874,53.454953384800284,16638.0,92.5000605566805,78.80153864647193,1.0878711383579758,0.5409304002884963,15.608847217213608,3.960812597667989,77195.149537204,Medium,0.0,2025-10-31
76021,0.21066047679663724,37.47535711527886,1.4554411132587317,1450.2641612200434,27.446037025370305,9.180079008226949,26.910870331653573,25.420238364322856,25.553912591073512,8.413432104471728,4.52146760025138,15891.0,76.61557057638518,7.537540535946565,84.15311111233176,0.3233358191723221,0.8179881060083939,12.692769907282623,43.04041728702335,64.06008470004895,34361.0,1825.92495178375,62.64951543901516,11.18710165594715,4.9009050958936005,15.855184657023951,5.407293152120136,92108.11035767294,Medium,0.0,2025-10-31
76022,0.2338618647906037,30.883065821887342,1.424457966898437,1507.1168831168834,26.75652846209762,10.891740615750514,28.859050957343147,20.89136658787342,26.44678901771039,9.697428136923739,3.2136246843987863,7431.0,76.01004071880368,9.471770302522009,85.4818110213257,0.6586168860915708,0.5544005544005545,12.249490427099412,48.43662201490998,75.14587091561988,15976.0,2286.863180468924,51.17676514772158,18.821982974461694,6.559839759639459,19.410365548322485,4.031046569854782,75640.37988232348,Medium,0.0,2025-10-31
76028,0.22036359607829198,50.14565539713074,2.143261662931736,1851.3843048713736,33.47410054867146,8.590625088192777,18.308101183714257,20.958258511358345,28.698735977012348,13.925931653913912,9.518347585808371,11608.0,80.40415189898795,8.771047815996692,89.17519971498464,0.41040839309729266,0.0,9.769278298300588,20.37758462267896,38.224269494651296,31777.0,158.16332501173414,54.62756081442553,9.591843157000344,3.2193095635207856,26.969191553639426,5.592094911413915,102878.97139440475,Medium,0.017638409632852292,2025-10-31
76034,0.17564587708257237,54.488769520555444,8.837036183938082,,27.19049177807188,10.754893284025314,25.23746298723052,21.98704851559666,31.372992597378005,6.876661168546002,3.7709414472234983,11852.0,72.69808588475294,4.460204130956871,77.15829001570981,0.06516587677725119,1.0397928953272422,19.50240722103758,9.375829601841286,24.524136631277624,30627.0,897.8178083765767,71.03862604891107,4.231560387893036,9.847520161948607,11.228654455219251,3.6536389460280145,199492.15515721423,High,0.0,
76036,0.21799731131164046,36.56324844934413,4.7994493210431255,2133.4151515151516,35.57467960370781,5.927041232882644,16.641454428448313,22.81639021232451,28.70344784316495,13.732639844274432,12.179026438905149,15040.0,82.58642737682706,9.303940385261738,91.89036776208881,0.5699421523409655,0.5980709573496709,6.7645012622905085,25.000108927370388,37.97970121409537,36782.0,321.6990494907521,40.487194823555,25.430917296503726,2.1940079386656515,28.677070306127998,3.2108096351476267,99814.97343809472,Medium,0.0,2025-10-31
76039,0.23236364400105677,33.7438923304188,2.0062532678545546,1633.1652758749533,26.172533884460574,9.925913439406349,35.32658473594669,25.039607209563723,17.799842250232214,5.338622235835997,6.569430129015025,21112.0,81.07667733814631,9.202540913052433,90.27921825119874,0.397355760721187,0.2574255610649194,8.400435801367033,62.956123049142825,76.21655141991019,39045.0,2350.28353268713,42.39979510820848,16.363170700473813,14.168267383787937,15.605071071840184,11.463695735689589,87846.1473171981,Medium,0.0,2025-10-31
76040,0.2161337198169769,42.00006754315209,3.1630669164518426,1343.7364081996436,27.180413637279862,6.1729438091407784,30.485002363505128,23.606487476192058,29.06535281326577,6.168634837514192,4.501578700382071,12046.0,76.98721556865408,9.732253476346274,86.71946904500035,0.9771318094720399,1.126101130383589,9.073392718428142,49.65072229334514,61.626634267908045,26165.0,1286.5878469153095,32.05427097267342,19.621631951079685,15.081215364035925,23.58494171603287,9.6579399961781,75625.40420408943,Medium,0.0,2025-10-31
76051,0.20121676852563103,35.674900286967095,4.4941170412500755,1782.802228163993,24.308121445565266,15.549067794206495,30.211966438817456,25.565159244183363,18.886525188298712,6.0368885537449515,3.750392780749021,23885.0,74.83975301340563,8.917168614291146,83.75692162769677,0.12383642484292585,0.8597333093727615,13.80069905823458,46.225837865908524,54.47168542491255,49375.0,739.5989370097489,61.92810126582278,4.577215189873418,6.9589873417721515,21.545316455696202,4.990379746835443,122652.6883443038,High,0.24197684928830318,2025-10-31
76052,0.15758031999980557,56.53066045541839,0.7777888102431714,2200.6324786324785,35.34357624612653,4.718544669826377,22.519495062201464,14.368358255018777,33.264312725822265,12.727425483004751,12.401863804126364,12555.0,74.82643982480505,11.563015083286823,86.38945490809186,0.0,0.6372043582248207,10.839762099832111,11.730886850152904,38.343556648883784,32664.0,303.48109296647414,65.65025716385011,9.922238550085721,6.6801371540533925,10.687607151604212,7.059759980406564,138455.59732427137,High,0.0,2025-10-31
76053,0.24098158718140525,41.79246241376127,7.794584209046426,1513.925925925926,28.57528877804976,8.246300570865829,25.77085626717214,27.35177370127312,24.663501443509997,5.832620928463835,8.134947088715087,13404.0,81.2313425980016,8.36287576002073,89.59421835802233,0.3372280645203172,0.9335270953233283,8.1821919490183,37.216525007289576,59.230862339375605,30130.0,1413.008389121207,48.59276468635911,9.897112512446068,4.142051111848656,32.309990043146364,5.058081646199801,68768.0737139064,Medium,0.4954190014467652,2025-10-31
76054,0.170130517948239,40.12076047986211,15.19494520195363,2708.083333333333,29.806449607536013,14.30837509062897,21.205021154209764,22.491383961021597,21.890953282681824,10.838119703225795,9.26614680823205,5969.0,78.41112607509318,4.229873077738236,82.64099915283141,0.6829546509783553,0.12104705704342562,14.632924793105138,15.36068978859688,50.347785947241256,13559.0,1374.7454014097082,67.61560587063943,4.402979570764805,7.596430415222361,14.77985102146176,5.605133121911646,108739.00862895494,Medium,0.07133816817803287,2025-10-31
76060,0.1815468026402528,39.83634513902612,0.8105369807497467,1613.888888888889,31.197750664889668,12.539474820176574,18.448176005530932,25.57857197533311,23.66129197438239,10.103687485603814,9.668797738973177,6074.0,77.60266777747073,14.07453465587348,91.67720243334422,0.11846586702206426,0.6312295805712744,7.241607890163814,36.470631120656854,45.87500763443708,12790.0,650.8109359170298,58.43627834245504,19.859265050820955,3.0336200156372164,15.332290852228303,3.338545738858483,95460.02619233777,Medium,0.0,2025-10-31
76063,0.20335328117331197,33.81242374768711,2.747886868534278,1712.4008704061896,30.985780023191424,11.684810438869006,22.488717443802244,15.977487180829195,30.68530022043568,10.986197835730175,8.177486880333708,29191.0,79.45977280557592,8.455414837184692,87.9151876427606,0.0,0.6517740117506478,10.51578984835586,26.599140778069557,40.62593014990275,70095.0,539.8926238422172,52.868250231828235,22.197018332263358,4.425422640701904,16.176617447749482,4.332691347457023,117020.48855125187,High,0.0,2025-10-31
76092,0.10946711057608423,34.862514029180694,21.96969696969697,5650.0,29.266087298821294,9.62020157158212,20.010561055265583,24.152147228211614,32.26745754917762,9.121960118862868,4.827672476900188,10966.0,65.74108286813696,4.152564304430826,69.89364717256778,0.35501100496663934,0.12755102040816327,27.637687742579175,4.00905473500741,15.850064368979512,35425.0,580.554569799513,70.41919548341566,1.6570218772053635,14.938602681721948,8.674664784756528,4.310515172900494,239518.17651376146,High,0.0,2025-10-31
76102,0.23212414671083823,39.845184395276064,8.909213181227326,1589.4146426786608,24.27323035930168,8.37312260972545,42.89888175834204,16.533959132762224,22.369931705759658,6.187078880718962,3.637025912691664,3557.0,68.66578707719668,8.22608122086138,76.89186829805806,1.676829268292683,6.443854441036146,14.064522362619265,71.44436142493058,107.80182408741396,12780.0,1075.248460066481,51.01721439749609,20.719874804381845,1.5884194053208138,23.215962441314552,3.458528951486698,76486.3117370892,Medium,5.873128906739531,2025-10-31
76103,0.2343967428691906,55.18307427687444,3.822329175235701,1413.3333333333333,27.68987169651541,4.973979734612941,31.825131512936785,29.91951410519994,19.95971900071557,6.626658081784402,6.694997564750359,7963.0,80.2915830812529,10.494514103148054,90.78609718440094,2.005145674752276,0.5852519824905906,4.607376089247371,41.624443523068074,52.978671201928606,17198.0,1081.2901629221915,24.781951389696477,16.141411792068844,0.2442144435399465,55.715780904756365,3.116641469938365,55700.089080125596,Low,0.3103764650694365,2025-10-31
76104,0.2938470307465063,47.73328961286035,5.09698847961472,1551.6611111111113,26.554695951076965,11.400247961633644,32.02959717633025,22.236228705343063,21.90654988106006,5.790944755416841,6.636431520216141,8923.0,70.64152138018352,14.953873423998786,85.5953948041823,2.64362345363816,4.307524598651699,5.513156858936436,54.67627289650176,73.88850532302739,24216.0,1592.86205790232,23.864387182028413,27.122563594317807,1.8169805087545425,44.090683845391474,3.1053848695077635,54047.9817888999,Low,2.5990163445609045,2025-10-31
76105,0.2869344739411261,55.245135572197974,10.892947404545582,1584.1666666666667,28.19004125269029,8.891345156811413,26.41922992994725,28.315884376128988,21.0995822044212,8.471326967564949,6.802631365126197,8516.0,77.29381727629205,12.801251042725099,90.09506831901713,1.052848458700325,3.807095277409941,2.4552397745650363,47.736139215047835,56.491899975678656,23219.0,1521.5798091729866,6.016624316292691,35.087643740040484,0.18949997846591154,57.28928894439898,1.4169430208019294,46471.44683233559,Low,0.3237127354908504,2025-10-31
76106,0.24999099393941915,47.82209606758323,6.864588976686882,1284.2222222222224,27.74564820539256,10.765908619956349,34.07625198143508,19.299265092283896,22.292070470638055,4.703615987159348,8.862887848527276,15951.0,81.92817279774756,15.07823601383013,97.00640881157769,0.33149130672418264,0.43082494998199033,1.9993639855194887,53.17532713699006,44.89287601455697,36157.0,957.0710070301955,8.670520231213873,10.506955776198247,1.1035207566999474,78.39145946842935,1.3275437674585835,53198.77558978897,Low,0.4473715874165462,2025-10-31
76107,0.19357830319101707,37.434571761830306,5.364163497360292,1698.802968409586,23.687386603296062,13.037688965178017,41.02004596902374,19.436859765254862,14.94424819674926,6.436627965833905,5.124529137960208,16293.0,73.83496060149007,10.146918840720573,83.98187944221065,1.2554385453495833,2.880699270183709,10.97956578872409,49.2103890545703,85.75393615481882,33252.0,1188.3309713679203,62.498496331047754,13.8247323469265,3.09455070371707,18.53422350535306,2.0479971129556116,86588.70714543486,Medium,1.8400904181792923,2025-10-31
76108,0.23261591711047105,50.74583645666141,5.799654236607705,1715.77205165692,28.39954986675945,7.923618292956383,28.310449967342127,24.337173734579856,24.13329167098946,8.641608377152387,6.653857956979781,19022.0,77.46549181822562,12.673166056063991,90.13865787428959,0.4695617139419988,0.39632034632034635,8.287672540902935,33.44841445345227,59.77550609954029,44060.0,383.44756976379955,51.87244666364049,7.532909668633681,3.2818883340898775,32.38311393554244,4.9296413980935085,85410.09825238312,Medium,0.0,2025-10-31
76109,0.23995248763644372,40.442738590494926,5.919727952944507,1645.9301994301993,20.895025648998303,17.20615953905756,45.145034751392814,18.079139395033714,12.490747966094817,3.669058863903541,3.409859484517562,12023.0,73.86031694490805,5.287223143708878,79.14754008861692,0.08976257798123963,8.49557174067727,10.338685957497555,46.8454610548194,60.99123913321025,29356.0,1380.4900924860124,73.81795884997956,5.2459463142117455,6.165690148521597,11.384384793568605,3.3860198937184904,109662.82851887179,Medium,0.7303777599343162,2025-10-31
76110,0.22341976392002041,45.532410455565376,4.062223623317816,3857.5252525252527,25.07172568280257,13.662517636165273,35.87627156504442,18.888775674369427,19.9704906917114,6.461628709203376,5.140315723506107,13662.0,75.74787316024172,12.687058215311996,88.43493137555372,0.6391564590727985,2.556987858133087,7.1865704902090295,40.643527275788074,49.23691065931994,32413.0,2167.298910964192,25.101039706290685,1.709190756795113,3.9305217042544656,66.24811032610373,3.0111375065560115,66103.29836793878,Medium,1.9824256865727208,2025-10-31
76111,0.23494039444038828,42.061821321113044,14.411897210919829,1616.9569023569022,24.60403785762002,12.035604105194023,34.97872811143849,21.922908811858232,21.681384676883035,4.7577574094241095,4.623616885202111,8006.0,77.17797953594413,13.506172901733438,90.68415243767757,0.11977351916376305,1.1751178309686208,7.2449784642410595,40.2066187370569,50.30428557639058,17116.0,879.5109060347015,25.89974293059126,3.4938069642439817,3.885253563916803,65.3306847394251,1.3905118018228557,61000.56420892732,Low,0.07242978880125281,2025-10-31
76112,0.2673900668236682,50.34870115200399,5.358831291566833,1202.2010582010582,27.850122632964098,6.136710918372521,29.92485865487197,25.548363022841684,25.284292302897583,7.155972274295575,5.949802826720664,17094.0,76.9588861849908,10.944465422474794,87.90335160746561,0.48980532480996364,1.0649089963094236,9.487342170931674,51.53621771828205,72.67880078479362,43602.0,1445.305958431414,19.499105545617173,38.943167744598874,3.380578872528783,36.00064217237741,2.176505664877758,56784.944314480985,Low,0.04675944654968601,2025-10-31
76114,0.22982361574180557,39.43036299825668,5.253421964156457,1691.362914862915,27.60161618000538,7.835151953169742,33.90376807995891,21.458561272328595,21.086110414678082,10.148981076962922,5.567427202901754,10873.0,73.01030818635611,18.328382954659567,91.33869114101567,0.08169934640522877,2.6036554137250083,4.634550686133843,43.694611977835955,56.88513121227461,24485.0,968.1028906191736,30.0959771288544,1.6499897896671432,0.612619971411068,65.7545435981213,1.8868695119460894,61438.837369818255,Low,0.6409605890996599,2025-10-31
76115,0.2687058011276299,55.911631249920106,5.437422691856728,1442.3333333333333,28.646244828531927,8.541495682168824,30.363839611500644,24.7094638094271,20.710545847395757,7.927656178787414,7.746998870720262,7399.0,74.96304439172256,19.81027266469462,94.77331705641718,0.4760955367248047,0.6754121825270132,3.1132602597023356,48.48417189114504,51.546930895320045,19781.0,1644.1679094149451,12.77488499064759,10.757797886861129,1.53682826955159,73.83347656842425,1.0970122845154442,51742.079824073604,Low,4.227196261775574,2025-10-31
76116,0.27031575462076135,46.754570267627905,3.7021923301126,1274.815207373272,26.467059182402522,8.780831959496672,40.103894339836,21.290668918965878,15.637254728080292,6.985226445705989,7.202123607915173,22622.0,77.79748682816987,11.487646544687927,89.2851333728578,1.852639018857709,1.422246662038808,5.480389150906656,65.17339226477606,87.61674493638321,49604.0,1556.4552833708567,46.09305701153133,20.56487380049996,1.913152165147972,28.076364809289572,3.3525522135311667,62234.09003306185,Low,0.22140887303613885,2025-10-31
76117,0.2572235715194944,35.53495424041195,5.599751434319727,1203.351851851852,28.186720041299353,9.95281200988689,30.03294243459389,24.421376636045423,20.48005638213616,6.792271295781515,8.320541241556128,15367.0,74.69878637073448,19.533150435291745,94.23193680602623,0.05739795918367348,0.6058408071433513,4.562787757199992,45.01071596523482,55.00391336899394,33841.0,1189.075430887045,36.55329334239532,6.861499364675985,7.130403947873881,47.71726603823764,1.7375373068171744,56676.19352265004,Low,0.09900556984124764,2025-10-31
76118,0.19727076070677707,39.04770818915224,4.5417537632153975,1378.0444444444445,27.388681877884853,7.106994572161911,26.291108206510216,27.782269058395876,27.332005115937093,7.343757730893605,4.143865316101297,10310.0,76.75475024073651,9.559123106080555,86.31387334681708,0.5423987322216595,0.9467463848720801,11.859333187643795,31.357980708724433,45.80033954556346,21692.0,818.3470980917383,56.504702194357364,16.00590079291905,7.518900977318827,15.111561866125761,4.858934169278997,95508.12594504887,Medium,0.0,2025-10-31
76119,0.31535309086309016,54.72496112807087,8.262219475770259,1530.0027777777775,30.693868341333957,4.763998804627389,27.453283555917434,25.50921826943535,24.263044218605007,8.977967138977247,9.032488012437561,18995.0,75.80826121351309,17.138615037491224,92.94687625100431,1.0350013811711762,1.2746968180568552,2.9578608250942064,45.82637484877097,56.19219335201893,52338.0,1170.1475118691749,8.162329473804883,33.276013603882454,2.9118422561045514,53.389506668195196,2.260307998012916,46035.69859375597,Low,0.6315610353306915,2025-10-31
76120,0.22115883240097825,55.02321464201861,2.303682869933803,1299.711111111111,27.385866338468237,7.899811562439738,23.79880671300853,30.95688073355258,27.34796740993943,6.573882089959341,3.422651491100385,7635.0,79.43778384945483,8.295948739498558,87.73373258895339,0.21909233176838808,1.802677029360967,9.717136921824338,46.62406187937882,69.18566684657196,15742.0,809.9815221948944,24.863422690890612,45.61682124253589,3.1508067589886926,23.719984754160844,2.648964553423961,75782.24888832423,Medium,0.21766055072103876,2025-10-31
76123,0.2684777473021438,36.70889956355088,1.0557401255075674,1917.519273882177,31.183048715875394,4.6672808882033845,25.373261316395624,24.698409857471777,26.507525515551322,9.657633312190631,9.095889110187263,16804.0,81.50412046782542,7.446653498566783,88.95077396639222,0.32529367102862283,0.64844708815325,8.346563425267671,25.99115388168571,42.029049820130055,41854.0,1524.10443609549,23.159076790748795,37.53763081186983,7.566779758207101,26.329622019400773,5.406890619773498,95410.49698953505,Medium,0.07725640580211798,2025-10-31
76126,0.18865974870191504,45.94175820794163,7.710531011588318,2029.6888888888889,29.624127819292223,5.601875873803568,26.016889164245768,29.49453678652192,23.321833654970458,7.328764568513084,8.236099951945201,9990.0,82.55686101665316,7.498216029159148,90.0550770458123,0.18793555268635656,0.8163034665029971,8.744584984570812,19.04283484016646,43.99447715608847,24914.0,129.20532247800523,74.70097134141447,3.443846833105884,2.2678012362527094,16.42851408846432,3.1588665007626235,110647.19322469295,High,0.0,2025-10-31
76127,0.24559865248390594,56.62650602409639,4.367469879518072,,19.47403982930299,29.72972972972973,22.759601706970127,26.458036984352773,15.007112375533428,3.058321479374111,2.987197724039829,1406.0,67.50972762645915,18.612191958495462,86.12191958495461,0.06485084306095978,4.474708171206226,8.819714656290532,58.09273840769904,92.56342957130359,4388.0,782.2407547497073,45.87511394712853,7.15587967183227,0.31905195989061075,44.02917046490428,2.6207839562443027,43636.0,Low,0.0,
76131,0.22547033793352528,42.39106149616474,1.6090550981193896,1897.968482905983,32.897962699381715,5.626371658783947,19.242750708180882,20.987077259628414,33.09065822619678,12.115918512942347,8.937223634267625,18391.0,77.16743964724085,9.475740412002502,86.64318005924336,0.0,0.23844623117048439,12.012416263177439,25.7673637554897,40.4268805437437,47672.0,1179.297074258928,42.65396878670918,15.073837892263803,10.175784527605304,27.192062426581643,4.904346366840074,101658.81771270347,Medium,0.0,2025-10-31
76132,0.25709239962297004,49.97363431545268,5.791326315889324,1248.704197530864,25.445287702107112,11.887551255059849,31.28759641919852,26.17925029061228,18.691172001338078,6.611595056390598,5.342834977400671,12745.0,81.81925950125226,6.686521472106148,88.5057809733584,0.8917930344631948,0.9021013785350855,8.994968855333246,62.218844543318234,86.4291718687624,26432.0,1372.0431424914702,48.2105024213075,23.293734866828085,5.625756658595642,18.874848668280872,3.9951573849878934,82486.18723516949,Medium,0.8801400994290722,2025-10-31
76133,0.24376399808842425,43.85345608493235,3.926005293775572,1651.0807189542484,29.98515092433043,6.151929496610015,30.256750468282227,23.484579008735057,23.501508303854305,6.253274946719855,10.35195777579854,20345.0,79.21552423635471,9.747962495514935,88.96348673186965,0.8897832514356543,0.5973177068878475,8.742456839989632,37.07825435396323,60.88564310097938,49171.0,2035.416610970105,34.19495230928799,20.09924549022798,2.898049663419495,39.57617294746904,3.2315795895954933,74939.07650851112,Medium,1.5212278892135678,2025-10-31
76134,0.24247358062985105,40.538077993214024,3.4039114491375795,1732.4973544973543,29.63529885551797,7.385440158370698,28.927517969449976,23.194740571067808,24.957601992781495,7.443396959069934,8.091302349260095,12162.0,78.3267504233753,16.30927672449271,94.636027147868,0.11812714776632303,0.4040448824148411,4.305517378618567,36.263607344980905,57.98242561482065,27717.0,1243.6584634950752,18.858462315546415,31.619583649024065,3.9001334920806725,43.13237363351012,2.489446909838727,64751.06505033012,Low,1.237032275124964,2025-10-31
76135,0.2059015538775497,33.807565522754494,9.186020205632797,1510.7683982683982,31.115722008894267,7.413702807376923,20.005841234310555,29.88140108059389,23.459013432588392,9.63807588653285,9.601965558597389,12768.0,80.6764694997344,7.638677770972579,88.31514727070696,0.34652358596020566,0.4760576636240472,10.511676324411985,35.05700975516407,56.635013529871436,28819.0,343.5106765437381,63.18401054859641,7.0509039175543915,0.6002984142406051,26.59703667719213,2.5677504424164614,96922.95766681703,Medium,0.08389006501880958,2025-10-31
76137,0.22212899222411114,36.80577053312551,2.6695704184740583,1662.4849893162393,30.648726685719065,5.3913940413445225,26.319099163570193,23.690418623854285,27.22661658800574,9.440109530547954,7.932362052677309,29667.0,78.64509995692295,8.316726294744644,86.96182625166759,0.21868388173852793,0.5325136852669535,11.067661577904149,36.038089978995124,52.21989669937905,58431.0,1650.6053365727066,46.40687306395578,14.329722236484058,10.147011004432578,23.917098800294365,5.199294894833222,93487.49542195068,Medium,0.7750999832190235,2025-10-31
76140,0.27086075357237765,48.42966369588421,2.5739773635858523,1883.5993265993263,32.03367521144046,4.966842698277063,24.579614203804454,24.397863829111532,26.709521165509244,8.66530341052479,10.680854692772916,8140.0,77.89086324319915,13.057688996201145,90.94855223940029,0.07176175098672406,0.6784520066917353,5.140586441518185,36.07124518259814,48.82779305422479,21913.0,308.777037751946,13.444074293798202,38.83995801578971,2.9936567334458997,41.95226577830512,2.770045178661069,69570.02459727103,Medium,0.06976629699580145,2025-10-31
76148,0.23974841202444055,28.44510406849169,2.35529549728549,1993.638888888889,30.82798776788792,7.4182860397316945,23.395013518802934,22.392457668707607,26.194185188028133,13.512765517999938,7.0872920667296935,12952.0,78.34708609794778,12.999683463903619,91.3467695618514,0.6194373124899993,0.3290226320775266,6.581083548381943,26.123645703899808,43.40097416179183,25516.0,2090.8348339134186,55.89825991534723,7.661859225583948,5.196739300830851,28.02555259445054,3.2175889637874273,87757.5352719862,Medium,0.0,2025-10-31
76155,0.25622488896543893,31.130800813822482,1.9529293940911365,1485.0,23.66074040465589,12.189473188627552,37.09618386337998,22.247336789516286,17.667734048351555,7.6145332161152535,3.1847388940093833,6197.0,79.32628903089342,7.09495260970487,86.4212416405983,1.9862405681313804,1.7643142476697737,7.545480415943403,99.85022466300549,113.61093722696029,10398.0,1139.0026894781204,17.77264858626659,50.68282361992691,9.34795152914022,18.26312752452395,3.9334487401423353,58395.289382573574,Low,2.2370980482050653,2025-10-31
76164,0.24749724286332658,53.62303092394464,14.079471805302298,1563.3833333333332,27.132162766380457,9.401903348096244,36.09682510511812,22.408915328225582,19.818459568844624,5.22267786718197,7.051218782533454,6110.0,70.05791409442611,22.756915650532115,92.81482974495822,1.2166765629329777,0.5740000687176924,3.9834323177638735,44.34584788140229,44.34319704287704,12286.0,1175.7505395223113,3.988279342340876,1.1395083835259645,0.0,94.00944164089208,0.8627706332410874,51876.261354387105,Low,1.4162894057157611,2025-10-31
76177,0.20249443707954415,29.106294587726868,1.629980957337339,1651.733538146441,30.711216409313437,3.9556755810608912,29.09082120951757,21.34735874988714,25.691880392522048,11.60612638651439,8.308137680497959,11186.0,82.04585236343175,3.2559085890914066,85.30176095252315,0.645983090869569,0.0,12.039781516028473,61.59753838459429,54.56075999463266,25902.0,483.2086412846271,53.061539649447916,10.443209018608602,9.647903636784804,23.476951586750058,3.370396108408617,115946.118446452,High,0.17019647704749458,2025-10-31
76179,0.19474375327574772,30.529014041521958,5.585244437909354,2027.123444626893,32.33724619130939,4.273449491135702,23.913909491373875,22.703602160328774,27.924823103013267,11.461858905792756,9.722356848355624,29156.0,81.12139353562702,6.934046261024996,88.05543979665204,0.26707463906469653,0.5747848076879192,10.788998813862978,23.047750791432314,36.18619941574401,68482.0,452.3539568301247,51.3025320522181,12.49525422738822,3.7615723839841126,28.242457872141586,4.1981834642679825,107831.15036067872,Medium,0.013923025534201994,2025-10-31
76180,0.231455823246637,39.80672409292623,2.000492842734623,1510.703861192571,28.839766181276737,10.2061866190926,25.89595550699722,26.05851901826437,21.89079467709777,8.5464292675081,7.402114911039939,17027.0,76.84053968457877,11.193767825966455,88.03430751054522,0.6180207014337398,0.8624209051531688,8.81985052169185,46.89607107276843,68.21621498231201,37625.0,1556.1008941941507,62.36810631229236,7.859136212624585,1.9827242524916944,23.625249169435214,4.164784053156146,78551.05477740864,Medium,0.2328883723916576,2025-10-31
76182,0.18279811572412352,39.71735749798944,6.275421526993854,1976.9444444444448,31.36208607909812,6.917926998657358,19.97344100562565,23.48213477012527,30.077301542745854,13.498312755128985,6.050882927716889,13806.0,77.49382668044534,9.821743634474474,87.3155703149198,0.5564028546857035,0.3838276908544603,11.077319018517889,17.744693036324716,41.07586393211338,29159.0,1300.3286562389012,73.7336671353613,3.542645495387359,3.8170033265887033,15.460063788195754,3.4466202544668882,122520.13227476936,High,0.1881566291886713,2025-10-31
76201,0.3513103826714283,53.64349787022071,3.996004760396157,1489.2947368421053,21.93849476400637,22.074139294592314,39.727689635323266,12.241763191957157,16.72062290324814,4.238122034104727,4.997662940774395,8021.0,61.08089972897959,8.78830296754329,69.86920269652289,2.5524366074255305,11.692749099184859,11.063782605473747,82.03165640534763,100.67327494662854,18059.0,1269.6052782534866,61.00005537405172,8.488842128578549,8.455617697546929,16.961072041641287,5.094412758181516,42190.7682042195,Low,4.121467072653763,2025-10-31
76205,0.3106337483242388,52.765368831901355,4.6613477982405085,1356.7424836601306,24.645241657926547,14.837800660684373,44.24991854431381,11.692953509952984,14.822020462499983,7.830019361994547,6.567287460554302,12287.0,73.52810226115953,7.3312866435728985,80.85938890473243,1.4882180848394253,6.108176809563314,9.082153778854991,71.15584791276599,76.06256431718452,27057.0,1251.6052851341312,46.69032043463799,16.59829249362457,4.782496211701224,25.546069409025392,6.382821451010829,56647.10792031637,Low,1.13073217697563,2025-10-31
76207,0.2804641594701381,53.59743689492435,2.9026657459239993,1686.7559115179254,26.03317940594282,21.237019890276695,32.624263096115776,11.972397532407014,14.687963067918346,12.398907617439606,7.079448795842559,8721.0,77.43698094784382,14.562658123715599,91.99963907155943,1.0580728535659476,0.5783008696510746,4.92764343576561,50.448344607256054,54.0117736470793,18835.0,179.0750217682227,51.913989912397135,12.981152110432705,0.8229360233607645,29.59384125298646,4.688080700822936,72047.77658614282,Medium,0.06635119095924245,2025-10-31
76208,0.2391695390245884,46.0457112527954,6.2094780334284225,1651.0155555555557,30.23815770947752,5.72830467063399,31.459655236489358,18.919023575938485,23.79250630766766,12.92051452271953,7.179995686550981,13566.0,76.72561442854159,10.82525916141539,87.55087358995698,0.44500440304854166,1.5498087366827986,9.704793419239849,37.478594588925,44.36129814148956,31442.0,357.00251331288354,51.46937217734241,11.456014248457477,3.832453406271865,29.651421665288467,3.5907385026397813,95656.72632148082,Medium,0.047561987505280685,2025-10-31
76209,0.26238582592968346,42.531698097399136,3.8961782154975335,1504.1180555555557,26.294190043068635,16.370278006255734,38.27011992139531,12.658318616578839,13.980261538143779,9.914329479533754,8.806692438092574,13240.0,74.13505600738355,13.616375089819172,87.75143109720273,1.36131413936613,2.6735953075005443,6.794995964065445,54.91962968647067,65.71557274156491,25870.0,1501.2307099827074,55.14109006571318,10.548898337843061,3.4054889833784308,26.83030537301894,4.074217240046385,75327.92555083107,Medium,0.6883498241736046,2025-10-31
76210,0.21599159444480126,41.38401186248884,4.231376623376623,1936.89417989418,29.311046467495267,8.292762279368846,29.956039043791662,20.210919828638097,22.380022826432686,12.984325310574377,6.175930711194328,19208.0,80.30911613872595,7.414837551109987,87.72395368983594,0.20453421418916512,0.5401391071093646,10.816353219585517,23.78607510097391,40.32510069777246,41023.0,969.4527807340629,61.35826243814446,8.117397557467761,3.851497940179899,21.57570143577993,5.0971406284279555,110529.17899714794,Medium,0.1321616116958643,2025-10-31
76226,0.15842494854036673,54.4216317782127,11.388564017213202,2910.8916666666664,32.25929784108074,9.319335901210236,16.19762339234738,26.945930625007797,24.15585520971672,14.906925757604387,8.474329114113475,18088.0,71.20610588994597,4.876844833784593,76.08295072373059,0.224730323611666,1.2328028296589226,20.221308988168495,7.595241860911557,27.57217902983661,54466.0,417.066240066685,72.94826130062792,4.1016413909594975,5.151837843792458,13.62134175448904,4.176917710131091,159674.8462527081,High,0.0,2025-10-31
76227,0.2031388462007117,31.57960098793937,5.381544771055877,1863.874183006536,42.43342862871333,8.190410734636748,12.578836682874359,15.09521591118603,19.767980406422364,21.497840781008318,22.86971548387218,19381.0,72.37893602304833,8.641580804660748,81.02051682770907,0.19009754935181158,1.887504820084745,14.546271635319073,17.623062495695617,41.08587214921431,54168.0,252.93357417375768,56.50199379707576,17.589720868409394,3.3986855708167183,17.349726775956285,5.15987298774184,108960.71869000148,Medium,0.0,2025-10-31
76244,0.20266254860389651,24.72423552822618,1.165587880948444,2077.693449063014,30.89642938494339,8.195598024477682,23.351722202308093,17.14099842096436,34.0591249466213,10.393600254770446,6.858956150858114,30386.0,78.74691819062521,6.639201197636493,85.3861193882617,0.004850836769342712,0.09402546239206881,13.973307793312157,22.494008698980792,35.21124721636041,68663.0,1773.0458392123394,60.609061648923,9.486914349795377,9.020870046458791,16.1265892838938,4.756564670929031,117179.4574516115,High,0.1813806369227934,2025-10-31
76247,0.1649732180695567,23.358421382737493,0.0,2246.7527777777777,38.907539921299666,3.6004241029671995,17.93778270004862,17.167510410301503,27.57837393444296,17.21481937367385,16.50108947856587,10760.0,79.25898474818617,13.845873330665867,93.10485807885203,0.0,0.11242270938729622,6.140211484279476,11.972755694443032,27.384406833609237,24748.0,127.98569409394253,68.97527072894779,5.798448359463391,2.7881040892193307,16.837724260546306,5.600452561823178,129069.77913366737,High,0.0,2025-10-31
76248,0.20955397692366504,46.32018446401983,9.993858609173985,1962.3296221322537,30.189205964139592,8.2146047162027,17.092426637610444,28.164273441367186,31.011189329388145,10.944439449796084,4.573066425635441,12144.0,70.7238650092046,8.134731711532458,78.85859672073705,0.053350405463081514,1.3042905546160088,18.83794650159541,21.957457840261544,35.347823053857404,30802.0,749.0938898210899,75.44964612687488,3.4380884358158563,5.765859359781833,11.395363937406662,3.9510421401207716,160508.8262125836,High,0.0,2025-10-31
76249,0.21940137570516155,48.346644248283596,0.0,1823.3333333333333,34.17927445315941,6.512185385027907,25.185095167190465,23.632748718471092,16.20860684101252,10.491759566901651,17.969604321396364,3459.0,78.31861528255956,9.600361397684534,87.9189766802441,0.0,0.4397705544933079,10.45578431401977,10.529091391711201,40.122006991016576,8059.0,43.390096987586226,75.22025065144558,0.5459734458369525,1.489018488646234,20.052115647102617,2.6926417669686065,113002.05732721182,High,0.0,2025-10-31
76258,0.15040336987795475,49.586776859504134,49.586776859504134,,34.43416610398379,15.530047265361244,16.34031060094531,8.50776502363268,34.03106009453072,12.288993923024984,13.301823092505064,1481.0,77.34909769757311,10.516490354698195,87.8655880522713,0.0,4.293714996888612,7.840696950840075,10.861759425493716,38.689407540394974,4849.0,20.48496997112862,55.70220664054444,13.198597648999794,6.063105795009281,16.601361105382555,8.43472881006393,112171.0,High,0.0,
76259,,55.55555555555556,5.05050505050505,,33.703821656050955,9.129511677282377,18.789808917197455,26.008492569002122,11.571125265392782,27.282377919320595,7.218683651804671,942.0,67.60343481654957,3.669008587041374,71.27244340359094,0.0,0.78064012490242,26.46370023419204,8.49056603773585,52.5728987993139,4878.0,36.37136323771008,91.06191061910619,0.5535055350553505,1.025010250102501,5.8630586305863055,1.4965149651496514,108260.0,Medium,0.0,
76262,0.15964444420187063,42.16059496331291,19.655509594102064,1770.6312399355877,29.492890548734447,8.869401576644307,21.08891401344594,24.009431870685546,29.608527431666303,12.878695430376892,3.5450296771810166,20743.0,75.21696957408417,6.5841175719155,81.80108714599966,0.0,1.1617818749193662,15.657713146878297,25.252176954904368,50.82873585005955,51514.0,434.80975771731147,67.94463640951975,4.631750592072058,6.767092440889855,15.448227666265481,5.208292891252864,165403.22407500874,High,0.0,2025-10-31
76266,0.19921467313678934,51.30061826256576,20.37805064607623,,34.62574557146096,6.973116786432652,22.197206254290357,24.307936118033332,19.19843831485277,11.606162692794125,15.717139833596761,12585.0,81.31491539830333,6.141363463623695,87.45627886192703,0.352654726928954,1.0141377911731868,9.195201965530968,26.845850046826776,47.29710265413202,25216.0,73.35000649716798,72.0019035532995,3.735723350253807,1.4831852791878173,19.29727157360406,3.4819162436548226,92452.79338515228,Medium,0.0,
