ZCTA5CE,rent_to_income,pct_rent_burden_30,pct_rent_burden_50,zori,commute_min_proxy,pct_commute_lt10,pct_commute_10_19,pct_commute_20_29,pct_commute_30_44,pct_commute_45_59,pct_commute_60_plus,ttw_total,pct_drive_alone,pct_carpool,pct_car,pct_transit,pct_walk,pct_wfh,renter_share,vehicle_access,total_pop,pop_density,job_density,pct_white,pct_black,pct_asian,pct_hispanic,pct_other,median_income,income_segment,stops_per_km2,distance_to_cbd_km,job_accessibility,period
80002,0.25908287138574054,40.021334200514666,5.281283852894729,2103.035596572182,26.396703310480753,10.484982187696769,28.007587992352377,26.438121102963436,23.050703750290268,7.779659844645414,4.238945122051743,10777.0,73.24914653619798,5.2032411221188495,78.45238765831684,2.1915355198957793,1.177030661121813,16.628704591887693,46.002431820411665,73.08738552322254,23301.0,1355.2819413760383,756.3079302910872,72.24153469808162,0.5192910175528948,2.1286640058366593,20.98622376722029,4.124286511308528,106179.4851293936,Medium,2.791877309388002,11.799375389977751,309269.64237240155,2026-06-30
80003,0.2246317364732398,50.18819804409312,1.9417796317900062,1665.488425925926,30.127717596403595,6.449621158663099,25.284344317776323,23.48423036091255,27.043497913019827,11.169644669570053,6.568661580058143,15908.0,74.50670463932957,8.793523970927087,83.30022861025668,3.0236508550222783,1.0696634594227732,11.280701403242384,23.794582545262227,54.914354402934464,32927.0,1888.0754421847387,438.54590402493034,64.61870197710086,1.4516961763901965,3.413611929419625,25.03112946821757,5.484860448871746,90789.09760986424,Low,2.6950388976427466,11.617007631588557,317767.3666311268,2026-06-30
80004,0.2232491394421214,43.551697288166835,6.577945300104036,2025.628787878788,28.706774363995432,10.329095531197694,24.71000802668424,25.118071268692006,23.83845707732562,9.617864594440578,6.386503501659863,18279.0,76.40177063520676,6.8433161328964704,83.24508676810323,2.751292520158135,0.8972485020563048,12.424134399938463,26.111302008678432,49.79956073157472,36981.0,1957.0756151667415,315.46274416616495,81.13355506881912,1.1627592547524404,1.133014250561099,13.109434574511235,3.4612368513561016,105947.06857575511,Medium,1.7993177825280335,14.09742827668943,273357.96456278575,2026-06-30
80005,0.1781734261554875,41.25122775121763,4.570998271868001,2217.2555555555555,29.378980563405637,7.821681379359378,26.598285876103866,22.470679693840236,25.777812521463577,11.368097620347239,5.963442908885701,15142.0,76.15186757265506,3.535249309116247,79.6871168817713,1.9913494448238018,0.8656594247814551,16.437529975174165,14.05517040028289,39.14075988793417,34422.0,1123.9606176491304,135.86660072157434,81.97083260705362,0.6768926849108129,2.9864621463017835,11.364824821335192,3.0009877403985823,141819.45459299284,High,1.077528917042046,17.213010727132,236273.29126764013,2026-06-30
80007,0.2051501165952473,53.16261682242991,25.472897196261684,3531.6666666666665,29.843550543254096,6.674377592933543,25.852950602352145,22.77009543018953,26.90948441272344,12.693406207634602,5.099685754166738,5660.0,71.9201800494838,5.872548489227908,77.79272853871171,3.18587374823029,0.5705946409848475,16.78824165434724,4.906225178251876,32.67975503369859,13681.0,206.210828554361,33.82333888429107,85.01571522549521,0.09502229369198158,3.216139171113223,8.288867772823624,3.3842555368759597,170563.7272860171,High,0.09043673498473548,22.758390124505052,166727.83330492175,2026-06-30
80010,0.29354605492972674,51.95505718149603,3.766364761378154,1557.5929330526103,33.634041496000414,5.811093082898328,22.825361179198595,21.945339073464677,27.636892643700474,9.690852217519886,12.090461803218039,17019.0,64.67761421455309,14.588688723818356,79.26630293837144,8.85101242093156,2.3893566211194806,7.1688935285391375,62.84854442576906,66.55387908590801,38944.0,2927.511481538462,825.9936359681752,22.262736236647495,15.101170912078883,4.981511914543961,52.580628594905505,5.073952341824158,61341.78964667214,Low,9.321369754282284,11.003009779280534,376400.99696271715,2026-06-30
80011,0.2951340568174585,56.22520242255061,5.057528623753835,1590.0315279958138,29.305009957676944,7.23492373261156,27.39673587612019,25.911005620864653,24.805097453726727,6.778825346768038,7.873411969908832,24791.0,73.83359825302239,12.594172487658556,86.42777074068094,4.157335186265364,2.5019516571399634,5.811968006264126,49.19386973720764,59.67719270161121,54490.0,1030.1781337175225,755.1362638455731,24.45586346118554,15.80106441548908,4.786199302624334,51.156175445035785,3.80069737566526,71050.91469994494,Low,4.764266648867969,17.178588373504414,271894.9156937627,2026-06-30
80012,0.2973369047897896,50.69783727200971,2.398325253858602,1504.2307227796362,33.41351849573978,6.856457664389619,23.008269669363596,24.391552096949145,24.428231295082796,6.949200417845417,14.366288856369422,24145.0,68.55605809806441,14.97926050006734,83.53531859813175,7.06121581247048,1.1520456523574942,7.392635303536441,51.10312011762205,67.29480613527934,52582.0,2673.5775822310857,987.0708912527494,28.880605530409646,25.999391426723975,5.020729527214637,34.01354075539158,6.085732760260165,75194.12789547753,Low,8.948873273604487,13.781020972862576,351378.78094010183,2026-06-30
80013,0.2662060553610623,45.955316673704125,4.834855675688993,2027.0970142602496,33.37059574436797,3.764395356983573,17.252834080721538,26.82073661916771,31.629891855796785,11.821010845179245,8.711131242151149,35153.0,75.40908677445219,9.478208893092178,84.88729566754436,2.354984849368005,0.9948877902972826,10.374299286501978,23.541888698736813,40.813473654434965,72187.0,1999.908670730209,130.54386048015218,47.40050147533489,13.552301660963886,5.9844570352002435,26.294208098411072,6.768531730089905,100767.348179035,Medium,1.662273265876301,21.094931480368135,237584.34501070983,2026-06-30
80014,0.29999986384057653,53.29346105783473,3.1456662192757427,1702.2514895330112,30.10899381824379,8.314294027728563,25.108562764145713,25.041171949483346,23.111716502031893,10.768296352919041,7.655958403691443,18929.0,73.16956575558693,6.801332125481368,79.9708978810683,6.050398739207591,1.020443633399179,11.751516488616284,36.191924562165596,86.4942516038681,40602.0,2189.915977808331,1274.7272109630583,57.78286783902271,12.622530909807399,7.021821585143589,17.735579528102065,4.83720013792424,77486.73323974188,Low,7.389253952015697,15.539641976649984,344364.90491895535,2026-06-30
80015,0.2439519547581632,46.499069498442296,5.431046986940342,2831.886231884058,30.39378530575428,5.182076821957666,23.648438090876322,25.87196596455064,30.24091217656515,8.16804810217702,6.888558843873213,32605.0,74.48692821672051,6.6744547518917186,81.16138296861222,1.2621547787910097,0.7206351886904203,15.982646046289952,15.215066287501259,29.040508872001464,72115.0,1563.1553046068818,176.76671301489455,61.05109893919434,8.591832489773278,8.522498786660195,16.006378700686405,5.8281910836857795,-831954.124564931,Low,1.4739591030058652,20.846063249529408,267388.8064157805,2026-06-30
80016,0.18990958875091538,30.35331416316148,3.5859181494424797,2029.4285991874228,32.90128422992472,6.031828215686159,19.23425096705092,25.525430865222692,29.11829018003019,10.431231730567998,9.658968041442034,22835.0,71.71033370425722,5.248838147346862,76.95917185160408,0.904982998810311,0.9738344765154523,19.30059440666633,20.170395773273867,38.95376915600823,56683.0,678.0364937795856,149.32042326359874,65.80279801704215,6.940352486636205,10.31349787414216,10.833936100770954,6.109415521408535,157938.6148757123,High,0.2153142368617141,28.021098120679333,164342.25746174593,2026-06-30
80017,0.27302739524371744,46.75979537242848,4.6966458164027705,1578.987709137709,31.812993006565087,8.007174945234377,18.163755852006396,24.964009663810675,31.114142516437873,9.404902041641519,8.346014980869155,18767.0,74.5633068973145,8.579870096417936,83.14317699373245,4.605494631020544,1.6028253765842526,9.378861530462888,32.337927867528755,47.95437609484684,37461.0,1577.504361825742,132.90098411473377,38.78967459491204,14.879474653639786,5.301513574117082,33.979338512052536,7.049998665278556,82634.97472037586,Low,0.8001009816793225,19.10602489134528,254186.33821599063,2026-06-30
80018,0.23029976998888826,38.649883910609404,0.0,2845.668686868687,31.482829368164346,2.6108259546497155,14.093933890979244,33.43875324629371,35.615319064508405,9.393405006027239,4.847762837541696,5424.0,71.35561062444584,8.50106073386538,79.85667135831123,0.36189358372456965,0.2543035993740219,17.354600216083824,10.303109561256163,26.48332629895181,13659.0,149.14664999152018,11.115842279183509,49.666886302071894,16.26034116699612,4.451277545940406,18.917929570246724,10.703565414744856,134552.35419869682,High,0.0,27.055275421831837,138979.32570453096,2026-06-30
80019,0.14423703703703702,24.59016393442623,0.0,2788.2666666666664,28.48055893074119,8.424463345484002,39.97569866342649,14.823815309842042,19.76508707978939,7.654921020656136,9.356014580801943,2469.0,71.40255009107467,14.6448087431694,86.04735883424408,3.715846994535519,0.18214936247723132,10.05464480874317,17.280453257790366,36.331444759206796,6219.0,85.47958693885431,103.10055983732853,24.328670204212894,32.48110628718444,2.9265155169641424,31.741437530149543,8.522270461488986,117080.0,Medium,0.10995926925724947,25.64827313507519,143388.42036212463,2026-06-30
80020,0.22353720038114291,35.17865250724243,4.182989520857498,2086.5792714884697,28.02400374867613,11.188099921699969,26.143241397161983,20.662915071155187,27.70022447108812,8.389306557213413,5.916212581681327,25320.0,70.03336494484928,7.8399580802081505,77.87332302505742,2.9444109891660086,1.0066513760320315,14.971045443439918,34.23771039027727,50.86690211476359,52469.0,1012.3638147509232,433.95289709281695,69.52105052507194,1.2693209323600603,5.567096761897502,17.825763784329794,5.816767996340697,117738.2967466504,Medium,1.3699104394464454,22.487374196935967,203601.03547432754,2026-06-30
80021,0.2499544676307499,40.28085732478257,5.132501462579115,1930.734063954994,27.266401261376096,9.923297287173003,28.59257045241653,21.458826921445894,27.412401079831643,8.183762465118416,4.4291417940145115,17762.0,71.75679731716022,7.017696974133787,78.77449429129402,3.4267981634764992,1.5566365198488445,15.261457701366396,43.9712728050008,64.52464422180279,32861.0,674.0133654853613,766.2925454043728,80.198411490825,0.5903654788350933,3.6365296247831775,11.734274672103709,3.8404187334530295,115152.72106752686,Medium,2.051104243587722,19.922414543535705,220977.57555137007,2026-06-30
80022,0.2557930388390628,46.05074651662485,3.33850845290867,2456.1015789473686,31.415197320476974,7.681326617317157,23.305278921826247,18.238760192952086,32.541451480735425,8.830506107538783,9.402676679630293,28719.0,75.03265681084106,11.593890554409027,86.62654736525009,2.062076329156616,0.7752900340563685,9.354860722286055,26.021138700067002,37.08027284829888,67665.0,325.1729033791111,125.34522779631058,39.06155324022759,4.303554274735831,2.054237789108106,51.10027340574891,3.480381290179561,107227.12635779206,Medium,0.09130695579994254,22.160606057791497,163357.0083417371,2026-06-30
80023,0.20836815146422172,41.53559902857897,1.1117287381878822,2041.7837837837835,30.43220025745123,6.557427532769128,23.69680090199927,20.625489649231074,30.64729539447578,13.72709120717101,4.745895314353734,8829.0,65.59321239584685,3.2531574543828734,68.84636985022972,1.9992193035804477,0.4743360501463568,26.85923683561891,17.73391129829069,43.325195947601365,26892.0,555.7594648351819,174.96131300366838,76.12672913877734,1.0412018444146958,9.5232782983787,7.637959244384947,5.670831474044325,169205.192659527,High,0.0,26.120372633184616,154792.79453645338,2026-06-30
80030,0.278940247489317,47.80082210874145,3.096386887690066,1349.96632996633,28.36119601055796,9.512528213441708,24.32080378859244,25.446559280329673,27.04600546159534,7.343746112293848,6.330357143746995,8408.0,77.1391370171986,9.5456646868403,86.68480170403892,3.371766267388127,2.523798309215986,6.352966447022779,52.42131418454538,80.53567938868197,17439.0,2428.7603480441153,776.4401020899102,46.83181375078846,2.115947015310511,3.1882562073513387,42.23292619989678,5.631056826652904,60055.21262687081,Low,0.974902370337107,10.848773719786822,332347.7772088669,2026-06-30
80031,0.2408116254793737,40.34402662914542,2.6554974570909717,2313.2201276983883,30.46567864647781,7.389074994315662,24.17971521185287,21.380946355175677,29.303600065412184,10.938078652775992,6.808584720467614,18182.0,72.60761887788058,7.1317844179061,79.73940329578669,3.2182970178779424,0.9727699306089305,13.839437622248255,33.526644972258865,51.5892432687216,38685.0,1763.3170162979427,502.12486109701786,60.475636551635,0.9848778596355177,4.779630347679979,30.045237172030504,3.7146180690189996,107849.0807031149,Medium,0.8660468737149001,15.699019596391647,270013.1809089549,2026-06-30
80033,0.2104064987110806,49.96794654540366,4.110309222626059,1939.6727272727271,28.852451992574952,7.329213608823657,27.21907836269365,25.12449738113418,25.38132839617745,8.713840934630769,6.232041316540291,12333.0,68.31202228817973,9.315875724787036,77.62789801296677,3.698635178713412,0.6601569535889241,15.853829701048225,46.36431896486611,67.25844782168981,26233.0,1178.6940877327552,809.984306772324,74.76079746883696,1.5667289292112987,1.4256852056569969,18.80455914306408,3.4422292532306638,91921.71562535738,Low,7.36880381154164,10.302540354403956,333407.3136881644,2026-06-30
80045,0.42677430732452876,62.17765042979943,7.306590257879657,1789.798717948718,28.830073349633253,9.04645476772616,44.132029339853304,20.048899755501225,11.124694376528117,3.5452322738386304,12.102689486552567,818.0,53.24971493728621,6.727480045610035,59.97719498289624,10.832383124287343,18.70011402508552,6.727480045610035,97.48603351955308,99.72067039106145,1615.0,697.3714219805213,6971.986984085137,58.39009287925697,2.7244582043343657,11.578947368421053,12.260061919504647,15.046439628482972,50000.0,Low,22.885873291001626,13.041663254475775,342836.0804270066,2026-06-30
80102,0.1632421901547244,11.63895486935867,2.7315914489311166,,38.25226416291555,4.043885410579889,11.723926967191302,14.581275469761126,41.287198991579764,17.551299401747688,10.81241375914023,3389.0,75.99823716294404,6.19025068813449,82.18848785107853,0.0,1.5951978932581228,12.69350962666403,13.251761778298237,29.769086802869033,7347.0,9.628826753499947,1.4350844283493183,72.95494759765892,1.864706682999864,0.6261058935619981,20.87927045052402,3.6749693752552055,109759.5570981353,Medium,0.0,47.27046911246504,22118.73498132321,
80103,0.13000105008925758,36.21621621621622,2.7027027027027026,,39.36467413864674,7.38895807388958,12.16272312162723,10.08717310087173,34.28808634288087,23.99335823993358,12.079701120797012,2409.0,82.18809980806142,8.36852207293666,90.55662188099808,0.0,0.0,7.523992322456814,11.37761377613776,25.276752767527675,5353.0,5.51021535092709,0.4724806362928328,68.22342611619653,1.288996824210723,0.18681113394358304,20.194283579301324,10.106482346347843,109250.0,Medium,0.001029369577980028,76.75071502596316,1656.7282533027324,
80104,0.20667346591406152,44.63473676097614,5.615845794555404,2473.603361344538,30.781304344898764,12.605871346927596,23.607153160873157,18.923452130713116,21.968895748302405,14.071364387612784,8.823263225570951,13765.0,73.81028555739726,6.496077654129179,80.30636321152645,0.44499599310468085,1.8306307178714036,15.85570497922493,22.19584199940578,40.669652536374805,29759.0,162.70829447535053,79.6346083212971,80.7621223831446,0.6519036257938775,1.7876944789811486,9.832319634396317,6.965959877684062,121755.32484290467,Medium,0.0054675323255267486,50.67709261312557,31836.692227036358,2026-06-30
80105,0.164340599027756,54.44444444444444,8.148148148148149,,40.905718422005066,9.011943539630836,12.956930872240319,7.27470141150923,29.53311617806732,22.982265653275423,18.241042345276874,2763.0,80.22049286640727,7.263294422827498,87.48378728923477,0.0,1.4591439688715953,10.408560311284047,13.215859030837004,30.837004405286343,6901.0,6.70479937281768,0.12921870983694414,73.43863208230691,1.4780466599043618,0.6230981017243877,21.66352702506883,2.796696130995507,98286.0,Medium,0.0,89.13331251851167,739.974504580072,
80106,0.1476423520458317,63.77952755905512,40.15748031496063,,41.426025917926566,9.827213822894167,19.546436285097194,3.7796976241900646,29.481641468682508,12.203023758099352,25.161987041036717,926.0,73.4447539461467,12.349117920148561,85.79387186629526,0.0,0.0,14.020427112349118,15.58282208588957,34.11042944785276,2330.0,5.208785894649227,0.8562081534981348,86.7381974248927,1.502145922746781,0.04291845493562232,5.75107296137339,5.9656652360515015,102424.0,Medium,0.0,73.96085714082989,3966.938510802108,
80107,0.19026323543059778,29.050310283687946,13.791001773049645,,45.05185229861372,7.784842902556997,7.307631921939736,13.677174585529508,22.506617882905424,25.15660499623853,23.567127710829805,8922.0,76.74345875525232,5.85642649539678,82.59988525064911,0.24509803921568626,1.051735580557446,15.409135888667425,4.909779375475196,21.347985357957636,20686.0,51.83007733564143,6.0208680188314005,82.67427245480035,0.3142221792516678,1.1070289084404912,9.068935511940444,6.83554094556705,146307.21101227883,High,0.002505563054028881,51.08104735171664,26160.79268035668,
80108,0.19604823281695813,43.97560317340707,3.074820154826542,2441.6044283413853,28.996893881684798,8.141069214142314,26.7553215941238,26.261374015537154,22.503360812803674,9.928869997781403,6.410004365611655,16449.0,66.8232887485216,4.674540206649562,71.49782895517116,1.1545148792486106,2.0134103873924554,24.264615600785543,19.412528691853854,34.76895561565648,46695.0,511.27490941090605,98.70742709796163,78.53517507227754,2.0601777492236857,4.610772031266731,10.345861441267802,4.448013705964236,172574.9565263947,High,0.010949243161171561,34.774175940100335,115005.73008196731,2026-06-30
80109,0.19994783327255497,51.44622543369229,1.186375813241485,2698.9574314574315,31.729919967101665,13.308393831024127,17.923296480011583,21.542020769344614,20.10138483784638,19.620301048206816,7.504603033566487,9389.0,74.60444496532911,5.495847759073691,80.1002927244028,0.5496361254751752,1.2295367876599719,17.948209702803254,20.403406669390204,36.548095058750384,24816.0,368.88618250481915,71.23237373320008,79.40038684719536,0.9711476466795615,2.663604126370084,12.32672469374597,4.638136686009027,138416.293762089,High,0.01486485261544242,42.27039379953921,60708.528321720136,2026-06-30
80110,0.23158330512360484,45.46986581541705,5.236278731426456,1740.8524515298711,26.544926698060124,11.914375595276425,26.74963198901724,22.858723955629646,26.50204288725369,7.127009933309285,4.84821563951371,15944.0,72.702461396482,9.081956413711602,81.78441781019359,3.067154172511122,3.0192743010911696,9.647555224245606,46.018491949906405,67.31333461842662,30902.0,1827.5726639811362,1346.756996446134,50.45628114685134,4.168015015209371,4.630768235065691,35.48314024982202,5.261795353051583,77227.4836256553,Low,2.8387640887675403,10.453121032518364,377188.4198304091,2026-06-30
80111,0.21183221678892875,35.12417675669933,6.4813387438428425,1982.7205640924612,23.684472697865964,14.593670907798352,35.55727815139949,18.321108717299833,22.17855694660887,6.38189869961627,2.967486577277185,12353.0,66.81331767882935,5.10848256402415,71.9218002428535,3.3195169442324,1.4165935791453381,21.242233807698376,39.33409126065847,61.464765281633234,29028.0,1029.0083064263501,2579.362388056377,72.70566349731294,1.1299435028248588,12.94956593633733,7.299848422213036,5.914978641311837,153015.0453699876,High,3.4739842231563425,16.948693754166943,364799.84143681766,2026-06-30
80112,0.20832712567017364,33.53128928018987,2.0549886934990473,2013.9304713374247,24.352459661048485,16.753480047791847,34.75036918867309,19.610657552190325,16.922736945724168,6.511348012258401,5.451408253362171,19534.0,70.71451194445523,4.695938011109429,75.41044995556466,2.157218698453479,2.017543894218102,18.487052577997435,42.78108305402133,72.05294453294566,44966.0,966.6114187691503,1924.0438339397056,64.69109994217854,4.2743406129075305,9.02237245919139,14.27300627140506,7.7391807143174844,122789.31761775563,Medium,1.096321272900117,21.645614087550566,301105.6176587724,2026-06-30
80113,0.2300806675476328,48.72414402665379,15.163995161836269,1880.5521091811415,24.602897776916016,11.63034043557309,26.80149259807279,33.3371022604555,22.09557313924957,3.1765412401335227,2.9589503265155264,10389.0,67.7053608592145,6.047371692475452,73.75273255168993,2.8099541938007113,1.7221222068492987,17.690087157976357,36.34340320823533,64.98106842557002,23408.0,1168.6967869198977,423.7324688392503,76.44822282980178,2.452153110047847,1.362781954887218,14.4865003417635,5.250341763499658,132691.6862611073,High,3.2452704694887795,11.038704763176566,397996.7123222125,2026-06-30
80116,0.17622391747309246,52.594202898550726,34.5,,43.50895754295555,2.989421346350559,8.75355750929031,14.955367663244033,29.805673887428625,25.78741696986961,17.70856262381686,2928.0,67.20584480890682,5.047779274921461,72.25362408382829,0.42122999157540014,0.9267059814658803,25.592262316086597,5.932753362142689,24.669745635079806,10192.0,42.64353928985566,4.6191588869702365,83.55572998430141,0.5886970172684458,1.7759026687598112,11.145996860282573,2.9336734693877555,149192.11263736265,High,0.0,53.30900070265251,25076.34650684843,
80117,,77.55102040816327,22.448979591836736,,54.131198347107436,3.202479338842975,10.743801652892563,5.371900826446281,16.632231404958677,23.450413223140494,40.59917355371901,968.0,67.00274977085243,18.881759853345553,85.88450962419799,0.0,2.474793767186068,11.274060494958754,5.68445475638051,30.162412993039446,2018.0,4.147911918159205,1.6505318485043816,84.58870168483648,0.0,0.14866204162537167,11.248761149653122,4.013875123885035,82051.0,Low,0.0,65.07042167281082,6727.90246328134,
80118,0.21075163291660332,32.06925323320817,17.425949103045472,,33.89656348226313,11.215269982038617,16.569305680287385,18.475317130669062,25.85218343062416,16.98880220026942,10.899121576111362,3708.0,64.39288146144625,2.686716573991414,67.07959803543767,0.2079002079002079,7.000112345841574,24.241494433243417,7.796921385326952,15.596731539077137,10596.0,31.221498165492825,2.2128487280374776,84.63571158927897,0.0,0.4435636089090223,5.86070215175538,9.060022650056625,164042.16817667044,High,0.0058930725114180495,61.47672515262678,10786.87858077763,
80120,0.2166539165078246,39.985996503919104,4.860856605063396,1776.6188672438675,28.38439626546392,11.810668960071311,25.74979834987061,22.23567897284604,25.682389634947214,7.612064143987051,6.909399938277771,13998.0,66.71148343162392,4.8365526457486645,71.5480360773726,6.694988360671762,3.7802882669345124,15.925913587302407,39.176555412707174,65.70147444111905,30701.0,1353.742023656694,964.6971757780252,79.92247809517605,1.6742125663659164,1.5048369759942672,12.48819256701736,4.410279795446402,92423.0000977167,Low,1.4551150379684994,16.31371057140815,296014.99071979953,2026-06-30
80121,0.22103995127125162,58.775381141722576,1.1681286549707603,2244.108333333333,26.397366663275868,9.99210770301568,33.35445855369119,21.089584568888565,23.82067389820731,7.278775931933046,4.46439934426421,7402.0,72.45325553900864,4.187212220783609,76.64046775979224,1.7847738719378383,1.6464130981138403,18.10679519854393,15.245196770065153,47.66308239083716,18086.0,967.2884516972572,219.33262968099368,84.68981532677209,1.9462567731947362,1.647683290943271,7.149176158354528,4.567068450735375,135183.15061373438,High,1.123137094196749,14.623263646034317,355637.8794845501,2026-06-30
80122,0.2135318038503393,37.77037413719978,10.093428476047158,2395.817453891138,25.558751394032274,12.609356709900986,30.68797349633434,21.867103787292496,23.935387358557115,7.553239266204476,3.3469393817105795,14119.0,71.2024062230175,5.478343057261958,76.68074928027949,1.7822098261688635,0.8043715132455828,18.823019806367785,13.384246607632367,47.75753827962918,31518.0,1707.7472517756273,592.602058908244,82.33390443556063,1.0184656386826576,3.2870105971191066,8.518941557205407,4.841677771432198,132664.31648581763,High,1.0294814957718421,17.84986712417865,308382.21457386,2026-06-30
80123,0.22707328035758373,45.83114230269598,4.000072410814116,2017.031412409912,30.40853315112238,8.484757124567347,20.796073773830692,22.74307833024654,31.139651244041563,11.068562969576687,5.767876557737169,21548.0,72.99054983435457,8.151001014447257,81.14155084880183,2.403824290288349,0.5500331842815988,14.602761216415303,25.213911287039345,59.50617801501667,45928.0,1295.4313954248896,368.2536208558474,77.29707368054346,1.0451140916216688,4.990419787493468,12.835307437728618,3.8320850026127853,-12508961.361914301,Low,0.8743767039316229,15.278973767856138,273516.83599353133,2026-06-30
80124,0.2226694937774477,19.32926598485524,4.217586894085927,2014.7580541650625,25.25928230150602,12.404730955318117,38.88789881890014,18.408109525592394,17.12860701815875,7.468879831537761,5.7017738504928435,8478.0,70.23256626030837,4.998288884742743,75.23085514505112,1.8388834745710687,1.7648289547373825,19.78977829120715,32.11790874411379,50.87812150346059,18393.0,757.2208805394132,905.6761893647883,70.94003153373566,3.2784211384765944,12.689610177785028,7.035285162833687,6.056651987169031,141608.51666394825,High,0.9880553000024965,24.50534841367811,238453.8546751811,2026-06-30
80125,0.19647174473285686,9.523809523809524,0.0,2657.5,35.52944973412476,8.008241682337724,16.693692115192917,19.750264619908112,25.102773207995398,19.97153564551456,10.473492729051285,4120.0,74.19494887326292,9.221629791138776,83.41657866440168,1.037115301183264,0.8585698822688901,14.687736152146153,3.4385220953218916,24.812332229583035,9781.0,92.79758502713676,47.048688697430855,81.91391473264493,0.0,1.4824660055209078,10.571516204887025,6.032103056947142,159871.0436560679,High,0.0,28.746649555521095,122389.66281440375,2026-06-30
80126,0.19617575244327742,41.015186118474375,8.051712243653665,2968.3519813519815,28.79028592997217,10.770590413576905,27.85678921297401,23.342177536092162,20.179434781218617,9.291807848175962,8.559200207962338,17979.0,70.07249970173646,4.517695260429956,74.59019496216642,2.0780735206636147,0.8991984241369965,21.194262195874966,16.622735673734255,38.09267991530778,42920.0,1532.3751037247443,288.5877903869317,80.67567567567568,1.146318732525629,5.526561043802423,8.490214352283317,4.161230195712954,161522.1863466915,High,0.2142183276409242,22.095104995185057,238763.18990644134,2026-06-30
80127,0.1846976788516696,32.493974106279246,3.363068179906907,2157.688888888889,32.31700065826624,9.016553208187657,17.880574412958623,23.150724362324027,28.564614935826405,13.011430297943146,8.37610278276015,19120.0,70.43566137089245,4.767237958123777,75.20289932901622,1.488622133472069,0.6051836307644043,20.843128791918144,13.020973244034675,37.5990414369379,44171.0,255.23858811542962,79.54572918876649,79.90083991759299,0.41882683208439925,2.7325620882479456,10.685744040207377,6.2620271218672885,143485.21554866314,High,0.15601733895806297,28.019839151070883,108850.07221150474,2026-06-30
80128,0.2218733086513936,38.37588981212459,4.588926993447524,2220.4237762237767,30.835777625906985,9.164028281738123,24.008840259271807,19.87999637330128,27.719139625062475,11.365967365029825,7.862028095596487,15525.0,77.188554422878,4.287231422476762,81.47578584535476,1.4287505104154423,0.9615415385396613,14.231285661519577,13.889533638157722,41.98139855258053,33758.0,910.9882081147052,318.75681954650446,81.17779489306238,1.5759227442384027,1.2115646661532082,12.240061615024587,3.794656081521417,123587.87348184134,Medium,0.32383015869946274,21.130362642303233,196804.7726859732,2026-06-30
80129,0.21364960201956337,30.25003640122608,3.298838494084674,2312.441599817944,27.405801285318546,12.613140532095704,22.603449510695924,28.74175836411008,22.218892426189928,8.137142789604743,5.685616377303621,12907.0,70.32169009247933,5.205319769189745,75.52700986166907,2.5146998790341226,1.1369127598538247,19.392914293492645,26.155574533291553,48.91745450089589,28683.0,1573.4243499953275,709.8868498165998,78.93874420388383,0.651954119164662,6.338249137119548,10.473102534602377,3.5979500052295785,139254.11452776907,High,1.0971128194368285,21.61317809046322,222358.79324821962,2026-06-30
80130,0.235587538436919,29.384928802474665,2.922590837282781,2734.5856912813433,27.778844600748887,6.406329854004646,35.79091317435521,21.840068395636692,21.964601053014707,8.264229983100584,5.733857539888164,10302.0,69.27967017947944,5.531670802129874,74.81134098160932,1.8731214615296123,0.21378484693004962,22.051501493188436,24.347092328286156,36.71792942468153,22983.0,1290.673202914351,181.16485021980142,75.7603446025323,0.97028238263064,8.667275812557108,8.95444458947918,5.647652612800766,162463.65926989514,High,0.0,23.985058196849607,229957.43621357996,2026-06-30
80134,0.19713617723173935,47.28438488239929,2.413586686985656,2484.387579504673,29.78746245128893,9.339465632167983,26.883461684366992,21.198894381500594,25.093748052086937,9.588837112922516,7.89559313695498,26898.0,70.50162070891271,6.46728741942215,76.96890812833485,1.0806302878838423,0.7443868649053762,20.218303734947735,19.513111976006787,40.89510209799045,63895.0,429.59128791413485,112.00502802037049,74.97456765005086,1.709053916581892,7.70013303075358,10.662806166366696,4.953439236246967,140622.22331950857,High,0.4370206387732806,33.718107193747436,127410.73634881523,2026-06-30
80135,0.11991692211015052,54.977106763693,21.629169823784267,,38.87080503863796,4.063905330523752,13.515414248909545,17.673989925595677,34.51900101927117,16.195486527478298,14.032202948221551,5844.0,67.13785274142364,4.296897601427937,71.43475034285157,0.45018472616114474,0.2661040309988461,26.81064272852433,7.2637242529998955,25.964655680363894,18006.0,18.59263491486002,1.522022873736736,86.45451516161279,0.3776518938131734,2.6491169610129957,6.758858158391647,3.759857825169388,196345.78807064312,High,0.0,52.723180238317056,15264.958570342089,
80137,0.24188644466798237,16.43754688672168,0.0,,32.62039872760609,5.517484371203252,22.9216240694515,21.950628465395745,25.06624842607524,18.67189467405951,5.872119993814751,3847.0,85.95852683241594,4.182024383328608,90.14055121574455,0.7088176920895946,2.402686663472913,5.741423305925716,27.529219063625757,31.875722461868108,9254.0,32.73814977211928,2.0872604674249375,55.619191700886105,8.385562999783877,6.2891722498379075,21.914847633455803,7.791225416036308,132945.78906418846,High,0.0,34.26663640876387,73458.36357667446,
80138,0.2210935713172489,43.853719763072284,11.356012770945451,2086.1742424242425,29.264704046252973,7.750630189665242,21.936689920028957,27.866043098546783,25.432604262331797,11.406953449775006,5.607079079652219,12678.0,67.82970960115877,9.202934774254995,77.03264437541377,0.4686180496256573,1.576939026749035,20.476837611683834,20.26425948307524,33.9682938383237,31954.0,199.05275437912954,52.36394358487084,79.07304249859173,0.6947487012580584,4.575327032609376,11.015835263190837,4.641046504350003,146084.7114289291,High,0.07475223923607544,36.90703088823492,87254.89360430156,2026-06-30
80202,0.22197158980157536,37.16300889544259,2.1999504627090003,2050.772193147033,26.68998875350123,8.703657747908625,39.36974034666278,16.127947394470162,19.869151599746218,11.14534665136737,4.7841562598448455,7853.0,34.42973550021724,2.229047680911511,36.658783181128754,8.825023774519426,30.315023304697622,21.790557448211448,70.34573508627838,109.6730144465192,14007.0,4680.936886502924,37329.19341016275,73.90590419076176,3.848075962018991,6.582423074177197,9.23823802384522,6.42535874919683,112562.56707360606,Medium,73.85500477740744,1.5068447202163153,502677.8452459695,2026-06-30
80203,0.29393418562416734,36.102676207031045,2.076261294731392,1537.7399156581475,25.996128659668624,12.46444049571863,30.302080845835437,25.461611823913394,19.20543604690437,7.3414458186936145,5.224984968934548,11931.0,43.3852986296355,2.677776385264707,46.063075014900214,8.776396237187466,18.090709672182392,20.239685078593936,82.22084161670902,128.10683936983287,21020.0,7432.919243896881,12740.278184508123,74.686013320647,3.334919124643197,2.193149381541389,15.185537583254044,4.6003805899143675,75697.00023786869,Low,13.437246968034323,1.0783422555699858,509413.8834429149,2026-06-30
80204,0.2519645107021736,38.38101895143706,3.4924404724173446,1989.902559543565,26.45484515526772,10.318639674976852,33.93449260244798,21.80788333133252,22.07755897081171,6.050740390944705,5.810685029486224,13602.0,46.070008658628176,7.001129980489972,53.07113863911816,12.735206361528663,9.639302125745347,19.589525023410598,58.99569341647459,78.99984042179305,32381.0,2282.848702179847,2374.780227075388,46.32963775053272,6.485284580463852,1.920879528118341,37.34906272196658,7.915135418918502,88643.40659646089,Low,14.452425309498429,2.6492687006469873,472954.6535344479,2026-06-30
80205,0.21784812408795237,39.72851319730651,5.841138246865094,1974.315331890332,26.280720129548744,8.897278466855996,35.13253119934983,22.595875521586194,21.52043338127444,6.522736071799536,5.331145359134016,17764.0,52.110015572259734,4.509564019881107,56.619579592140845,6.231909157221723,6.073735380601035,24.292974256477237,58.43623456901535,77.71185099235664,38850.0,3205.603051533763,1510.6352810162198,57.873873873873876,11.464607464607464,2.8494208494208495,21.166023166023166,6.646074646074646,97970.90424710425,Medium,12.21182114870005,3.1691116261787884,478865.59740471694,2026-06-30
80206,0.22231485637542983,32.604781968683064,1.5075121840858345,1834.944577352472,25.408503865865214,9.408149445735456,32.340817471903286,28.901415808919108,19.437343037242425,5.87986580895259,4.032408427247134,10783.0,56.07438960358787,2.9057682180523585,58.980157821640226,7.012246631798335,6.31951241056784,22.376776399324914,54.891974677327596,94.314283271403,21053.0,3283.5439609096475,3463.684239010186,80.66783831282953,4.28917493943856,2.2799601006982377,7.604616919203914,5.158409727829763,104509.45185959246,Medium,16.688320135720907,3.3831477227017728,489437.77953368344,2026-06-30
80207,0.24332539317730842,44.009666268049095,8.802751293426638,2762.3158119658115,27.656742469434302,5.452680796021224,29.356285178509893,29.47724447612428,23.66695516465876,7.213625677275279,4.8332087074105665,7447.0,70.23541581031441,4.116128171913158,74.35154398222755,6.432211201783986,2.7516286439063857,12.31367653296647,24.52843432975423,51.26495538541344,15150.0,1493.5146590951188,783.2326050502124,44.85808580858086,26.462046204620464,1.1683168316831682,16.976897689768975,10.534653465346535,124111.63663366337,High,6.112073192336459,6.769320761689788,427006.04193096526,2026-06-30
80209,0.20305076682732415,32.47071730068691,6.180662524776307,2066.4166666666665,25.024706590918374,8.5550255795351,32.23253918349692,26.85579545446797,24.937182916176628,3.9713327077907157,3.448124158532666,9902.0,61.77808546892903,1.9891939106910863,63.76727937962011,3.712002676944047,1.8998606214200233,27.06304808197346,40.80086836167254,79.26220579672001,24549.0,2691.9923171341875,1477.3115196721567,86.23569188154303,0.5499205670292069,2.0367428408489143,7.7844311377245505,3.3932135728542914,160661.66556682554,High,8.334002040905872,4.242821217137313,482022.02197788237,2026-06-30
80210,0.21661071124197206,41.5675107970661,6.2141822746021775,2124.1782197134175,25.06074556110304,13.18527393448331,28.573575183135226,25.676859527505783,23.60810666691904,5.471374637580956,3.48481005037568,15395.0,61.14507635083227,3.5915574235657592,64.73663377439803,6.158923122922236,4.863094950535638,21.800290381086214,40.07617021810612,68.56508013895143,35194.0,2226.3007870779675,1338.348745587559,78.20935386713644,2.5288401432062284,3.5432175939080524,10.243223276694891,5.475365119054384,124925.12490765471,High,7.401181794854867,7.186693034933431,448651.9111548654,2026-06-30
80211,0.1875319603631111,33.34773336485206,4.194154495349525,2218.9981145027177,27.602658319621945,8.791915797757964,28.874660230808075,28.218058396805695,20.049963010569524,8.232229910675509,5.833172653383228,18378.0,57.536484325731145,5.745962512792481,63.282446838523626,5.100466197625951,3.7885450708787376,23.225083605094053,53.4023500655784,83.55852962994882,37739.0,3203.910792372904,1245.6870361294052,69.65473382972522,1.6110654760327512,2.353003524205729,20.856408489891095,5.524788680145208,116241.69257267019,Medium,3.4807584325840395,4.020505986026099,450297.90149604186,2026-06-30
80212,0.19935103073047622,35.63729507550644,3.0613590035431577,2687.907777777778,27.643522801662897,8.398761795141546,29.81884632669349,25.59251217576151,23.004757213399913,7.390048518284584,5.795073970718961,11803.0,64.61191557949549,4.761681806220068,69.37359738571556,2.949323793882718,2.7160613206627637,21.31259482795013,32.50585458592236,59.98302803865911,24462.0,2366.388814643836,538.826984611486,67.76224347968277,1.582045621780721,2.2442972774098604,24.72814978333742,3.683263837789224,122847.24662742212,Medium,4.062968286118925,6.132677974171307,407063.12397927605,2026-06-30
80214,0.27838220561440347,42.4424275115478,2.7520423652911847,1692.9363513180588,28.54242036575024,8.744269984216745,31.08162059688139,21.63728142951458,23.211282687307325,9.019811450484214,6.305733851595745,13094.0,66.49545414411796,7.932476646298105,74.42793079041606,7.656810096138202,2.3145098900835372,12.339689650505472,63.2294980732834,80.42804897676508,25161.0,2075.5071167725487,775.4796075187286,58.125670680815546,0.8624458487341521,1.1962958546957594,34.283216088390766,5.532371527363777,-77964449.76817296,Low,7.918949294947128,6.940710080259878,390743.9425165126,2026-06-30
80215,0.23107086509291427,39.20590309375566,4.5159292520444465,1793.0525691699604,27.605141348521695,9.065705268996096,30.527637612550908,26.300847800543682,20.145500423954644,6.23477542473676,7.725533469217907,9125.0,69.81710795348016,6.236127123234925,76.0532350767151,4.224235345333391,2.215868490466754,16.028912680574184,37.84134171613366,65.52653170166629,22315.0,1551.4711627927084,1062.703863916045,73.04055568003585,0.9679587721263724,2.8321756665919784,18.41810441407125,4.741205467174546,95425.23777727985,Medium,7.647852471754332,10.770414989137453,326226.0842297592,2026-06-30
80216,0.23957220580029415,39.3340209298683,3.7876934851843873,1933.2781033781032,27.00368193935657,9.892099861368605,29.243750519078077,22.75464115796734,26.328307389985444,7.433910093416703,4.347290978183828,11561.0,62.58574967142706,14.963174804787329,77.5489244762144,5.0661550161379765,4.762870660275203,10.560778103908062,57.726454908581154,65.10601597108095,24558.0,929.9011336350613,1400.304333535231,37.38089420962619,9.341151559573255,1.180877921654858,45.49637592637837,6.600700382767326,82944.20587995765,Low,3.180702631539423,5.789788937688841,427347.8136320919,2026-06-30
80218,0.21734410470786603,31.10488900075086,2.1535682751979546,1506.746018737069,24.43364835996013,7.896747678417207,38.44072929130099,24.13145920059346,21.793010662028507,4.109241322212573,3.6288118454472547,14755.0,54.079347202467865,2.8867583679161846,56.96610557038405,4.358459450765464,9.689315203988055,20.056303043355605,65.68899753407398,109.34761192266313,26172.0,6389.595019988544,2457.743124951271,77.30016811860003,3.935503591624637,2.3039889958734525,11.241020938407459,5.219318355494422,103062.26868408987,Medium,14.160037870981794,1.9002608464420203,503960.130701364,2026-06-30
80219,0.2990878400480809,48.811650952464994,5.905238800433705,2314.1458333333335,30.194911738878236,2.971674659021998,21.419055421607194,18.450390890518108,45.505321163539946,6.101522523903411,5.5520353414093355,25178.0,78.73566490484562,7.6455617321886535,86.38122663703429,4.781178645854992,0.6940351226255426,6.9672985951178354,46.99683691624862,54.970897831769506,54322.0,2811.6912280550678,327.84603362359263,25.111372924413683,1.7267405471079857,2.7631530503295165,66.90291226390781,3.4958212142410074,69915.63992489231,Low,2.846784314698073,6.191597002065844,416688.46508418187,2026-06-30
80220,0.2010117062132136,45.9507173257544,7.094072648903246,1785.494716981132,26.256155142627218,6.894322315105885,30.177166796216863,29.08295822595832,24.168390649457727,5.102217177318533,4.574944835942674,20420.0,61.601910129274465,7.371421257035954,68.97333138631043,5.139659159360819,2.299636495725119,19.110996410000013,38.26320762024864,77.21825429258821,43646.0,3261.64550163582,876.9511515762349,66.732346606791,7.663932548228932,3.4848554277597033,15.259130275397517,6.859735141822847,122674.00366585712,Medium,8.444438016882364,6.355196266352995,447578.98003573716,2026-06-30
80221,0.2663608434128729,48.61239160169216,2.159956557753312,2256.5218181818186,29.600044548206633,8.114787875973738,26.35793574617712,24.033138752373148,26.13948588272336,7.166998468350981,8.18765327440165,15251.0,72.98510363325478,10.916065166598266,83.90116879985305,3.1998310592561103,2.311752057047328,9.160927721355836,31.815945968896514,50.79149781116047,33698.0,1391.5293589259688,549.0053661024617,35.194967060359666,1.0416048430173896,1.5935663837616476,58.89370289037925,3.2761588224820466,84370.09071755,Low,3.262235721857426,8.653378643903885,369243.85620754934,2026-06-30
80222,0.2679842877787661,41.248278301963445,2.706006918804572,1774.5577467241303,25.36116966828755,9.950380083160676,31.12408918062361,24.94763472763591,24.03161162204319,6.627378874311714,3.3189055122248967,9962.0,64.78811156066602,7.173169029195719,71.96128058986174,6.579523293836441,5.821518902128212,13.05040769742543,50.344249434997835,75.4156177799458,20010.0,2021.547088994412,2359.582899078135,71.53423288355822,4.557721139430285,3.6881559220389803,14.617691154422788,5.602198900549725,98672.896051974,Medium,10.60781830806663,9.223808894052377,434876.5951232597,2026-06-30
80223,0.24487132236463635,42.36733083063121,4.362277932732097,1921.1496753246752,27.85942153317695,5.6055899941191,30.03841023387708,26.455365819368012,24.427114078082475,7.895126672127136,5.578393202426193,13219.0,62.792973868928584,9.733566473787349,72.5265403427159,8.135974212835748,1.4846603193087429,13.724171321596454,52.04880096236751,72.42582016636882,26596.0,1928.3255849000927,1432.685875982322,42.53647164987216,3.3388479470597083,2.865092495112047,46.63107234170552,4.628515566250564,78430.8676868702,Low,3.407704259674551,4.8514611925589755,455914.64214917435,2026-06-30
80224,0.2537060158925247,40.80484506717122,1.7028146487775349,1581.0265541571318,26.758608703937096,6.592003936033392,25.379943873014906,29.935427966344704,28.697224422358673,6.564023362919319,2.831376439329007,9175.0,66.2590875630835,6.8393512644860595,73.09843882756955,5.18492114163038,1.0524719048104947,19.289515940685153,43.974810879246114,73.06383214780912,20495.0,2415.5151046677547,997.438610919893,61.746767504269336,13.398389851183216,4.210783117833618,12.676262503049525,7.967797023664309,82343.2626006343,Low,9.782276344836479,8.817204828198882,436439.21833466017,2026-06-30
80226,0.26968131348673186,47.39721343568256,3.39534088875368,1817.205822935235,28.601656713336144,7.0172163847395845,26.707068506838795,23.210710286299488,28.6227071029687,9.078538931708147,5.363758787445283,14622.0,71.23920325316857,8.833541153536176,80.07274440670474,3.9550242321581566,1.0657805875222413,13.229720672635576,45.772752771296446,67.00075185595581,31993.0,1501.4915870526843,1008.1906127298397,60.79454880755165,2.0066889632107023,3.40074391273091,30.509799018535304,3.2882192979714313,80872.51564404713,Low,0.0,9.231754188999941,351375.5461771374,2026-06-30
80227,0.23246385058764338,48.28560911475317,4.5461475288847035,1804.749653396712,29.60220266174514,6.89749627798712,28.78156948470446,22.298079239770033,25.503356028229938,9.6858625617702,6.833636407538249,15056.0,79.03671938460492,5.62293284056018,84.6596522251651,2.377295330268722,0.6809147380756148,11.27772520990368,32.442085872628816,66.58176436183287,30538.0,1053.6626541189062,210.47030552509423,65.5281943807715,2.383915122142904,4.613923636125483,23.835876612744777,3.638090248215338,90897.72201846879,Low,1.9321864113779141,12.967724108143726,286323.4777578754,2026-06-30
80228,0.22396273605082667,37.14005914157492,5.572009220720256,1868.850519480519,29.05241125227686,10.25187105285417,26.839697629145604,20.376206868040196,24.697635715298592,11.675556174645266,6.159032560016181,17969.0,69.61912662550272,6.317398224012885,75.93652484951559,2.8391942633947926,1.0027658012861849,18.780723055597342,30.896176071737695,58.6072512740247,39146.0,1315.4099089795961,472.7894911189628,78.55464159811986,0.6462984723854289,4.243089970878251,11.707454146017474,4.848515812598988,133349.42722117202,High,1.7473385599279365,15.244231845720288,245083.58282170747,2026-06-30
80229,0.27279925640695973,53.039463744510805,4.724504966236932,1697.2836925287356,32.2805388613398,4.461515528390771,25.550119404529237,22.821093181418075,27.638230793852312,9.41302897811086,10.116012113698764,27790.0,75.59046489573528,12.790263787130142,88.38072868286541,3.4957493008773,0.7800744093650693,6.74826342843339,33.7712226305346,53.10331718431464,57885.0,1701.1756856317468,519.7130659879383,34.21784572859981,1.53925887535631,3.142437591776799,56.798825256975036,4.301632547292044,85356.24529670899,Low,2.0866109299447877,13.103367102028614,298538.6283339217,2026-06-30
80230,0.2118870805122396,43.720811871474126,3.0659798871719404,2019.3148148148148,27.58722052259684,4.978076946169572,30.5709647966104,24.495794751983805,28.365884294088435,7.8666560873927835,3.7226231237550085,5711.0,63.83154550995687,11.872169855321937,75.7037153652788,2.2291576376198967,0.6088552708791067,20.429639086808866,48.05717273649922,68.20871686981307,13968.0,1959.2797795958693,875.4198957945175,52.95675830469646,10.717353951890034,4.073596792668957,25.085910652920962,7.166380297823597,95458.52018900344,Medium,6.312112691997002,8.904102582957243,417345.8560112012,2026-06-30
80231,0.2584947852258822,37.25702007963128,1.5784164700443464,1450.1531152086652,26.844522129200378,7.847519369800583,26.52434481058514,29.04931990471776,27.551924803662818,4.81741196178319,4.209479149450504,17817.0,69.22842291965627,12.231594445976436,81.46001736563272,3.613679443882406,0.9616920340884513,12.543308268550213,55.173515946550935,73.79073521827797,34927.0,2764.601749667047,1206.8566689716686,54.645403269676756,14.155238067970338,4.005497179832221,21.642282474876172,5.5515790076445155,76229.62364359951,Low,9.815060467796085,11.57718067071434,406678.4983404353,2026-06-30
80232,0.24491637137629274,40.66390022479147,4.131628303495312,1584.606209150327,30.03881153345437,6.345904863918814,25.973035552743813,20.7066127857729,30.394862791084364,9.597367205377054,6.982216801103055,11323.0,76.96279601164176,9.138572999548895,86.10136901119067,2.1832198180017603,0.6222876206490757,10.560723350501627,30.672780554388616,63.37135719567334,22919.0,2183.540151584587,300.0116906208763,60.36476286050875,0.6675683930363454,6.867664383262795,28.321479994764168,3.778524368427942,89707.69348575418,Low,5.335234891955882,10.19100282682708,334159.2690856005,2026-06-30
80233,0.29515971366470745,49.89953022494933,1.8499167902955984,1739.3400793650792,32.8841233118413,6.1112463328054085,21.472917881913187,22.11323861081358,29.87390158813111,10.32050062047541,10.108194965861305,22209.0,79.75780421837207,8.665320557074127,88.42312477544621,2.741221495930335,1.0576234811354888,7.031711357655411,31.632139634222444,44.70719829503236,45084.0,1880.9321343561207,520.1308872109341,53.005500842871086,2.6727885724425517,3.988111081536687,34.834974713867446,5.498624789282228,90272.14171324638,Low,1.0430153349060203,18.158997379631142,227852.02407297076,2026-06-30
80234,0.24558219147508156,40.27720484653675,4.188496859480661,1703.32525107604,30.506203666510473,8.494731773609354,24.627463487699625,24.30482775596201,23.51866060088059,10.051010889051307,9.00330549279712,14330.0,75.6941767801943,7.914777405399874,83.60895418559419,2.4588449797482976,1.0564936657299464,11.640422965561967,39.54588717088233,55.28260246932907,29507.0,1600.481937159382,656.3131270420077,62.57837123394449,1.125156742467889,6.218863320568,24.455214017012914,5.62239468600671,94855.57271155997,Medium,2.223870926340687,19.228667250485593,228621.2739333731,2026-06-30
80235,0.2443344668082185,56.24329686829687,6.399015774015774,2021.5449735449736,30.91002088365069,9.836214728346805,25.593323778777847,19.52522446405376,26.37116051473347,7.92983147556303,10.74424503852508,4356.0,77.35303618560998,6.461072493591426,83.8141086792014,1.6242641755879852,1.010611419909045,12.281765720990258,40.388713629570326,71.61342988944696,8962.0,1013.6741153633092,544.2758137835577,69.67194822584244,1.6067841999553671,2.287435840214238,21.948225842445883,4.4856058915420665,77459.25228743584,Low,2.262160489540971,13.352485362581875,288181.7661398235,2026-06-30
80236,0.2123899716590939,38.50553243157624,5.457291385118351,2001.2740740740744,27.986693908717015,8.624910186289005,25.782458783066183,24.794236822587575,26.860314695858616,10.302574557463565,3.635504954735055,6353.0,73.13698776775044,9.035311142285668,82.1722989100361,3.2118436449513323,0.509524415595435,12.581514208629772,33.83816457850621,52.155751113623566,15782.0,1898.4016905687208,306.2559057272819,49.32834875174249,2.2430617158788495,3.4152832340641237,38.480547459130655,6.53275883918388,97750.77068812572,Medium,1.443468526601486,10.60132496312385,353672.65111229225,2026-06-30
80237,0.25484396943539595,43.98249320183192,5.934051310260501,1848.7231692747032,25.34742761759371,8.342757324059793,31.60085243289686,25.59805136933173,25.36900056077731,6.839343846729984,2.2499944662043205,11668.0,68.06434947335312,5.806652115461443,73.87100158881456,6.410669353471341,2.1483263579194563,16.162690596415263,53.621545765190035,86.55665968238968,23410.0,2491.699472514365,2450.0824501413144,70.60657838530543,5.561725758222981,3.481418197351559,16.475865014950877,3.8744126441691584,84804.77932507475,Low,10.111552750485462,13.377494809091678,399298.59426289395,2026-06-30
80238,0.16838709019685077,33.50384461876765,11.573724953444124,2134.2376217760448,26.754634101095697,9.432826125631939,25.13379772617487,25.751209778538104,29.255511253318133,7.449036335290154,2.977618781046806,10455.0,67.1033564799856,4.781274638075105,71.88463111806071,2.9612328473679264,2.800245549376248,20.681648896621194,29.31954698306388,49.375107655236405,26501.0,1504.9006541788292,806.8234592873026,64.66548432134637,7.501603713067431,5.720538847590657,14.54662088223086,7.5657522357646885,164557.05052639524,High,2.6121818079403094,10.286102897019983,366993.4132507877,2026-06-30
80239,0.2369360401697488,38.67742009971843,4.503382077996659,1754.4619883040934,31.557512388262523,7.340727750841013,23.73957145062113,25.71931235585391,25.97396395282572,7.18599703380761,10.040427456050619,22433.0,74.56671249164076,12.71613144090916,87.28284393254991,3.4966725778489884,0.8696119178288175,6.63145612214722,35.892414304751654,40.09942918113044,52096.0,1942.3460698557801,918.3043554312782,17.5810042997543,18.853654791154792,3.7622850122850124,54.7047757985258,5.098280098280099,97946.70356649262,Medium,0.5965436332480897,14.498443570989785,294192.61007848894,2026-06-30
80241,0.22788720531438447,34.84187254071542,4.044127708229953,2023.6888888888889,33.66821810345772,6.603058185656665,16.2059550842756,24.464904305474743,31.579302777176107,12.349605257964603,8.797174389452282,14702.0,77.47493874020365,6.403059182593793,83.87799792279746,1.7618132165823157,0.898375321260351,12.951241876140541,22.09344016908931,41.53157890516655,31672.0,1793.7121720842247,615.3850865706992,60.813968173781255,2.2322556201060872,6.172644607224046,26.272417277090174,4.508714321798434,106804.07536625411,Medium,1.1326800783557873,21.25707654042954,194132.76812380512,2026-06-30
80246,0.2925497044206327,44.75596933343044,0.6304634703837398,1439.9873288125582,27.078002124324662,10.026901060166068,29.02009508980981,26.736766305872145,21.964941012408595,5.560718261110153,6.690578270633228,7961.0,64.40353722179408,6.829729340468605,71.23326656226268,9.307362388112,4.891185245504731,12.271348488774347,82.76801312500592,111.09816376398662,11803.0,2725.336618012208,3150.8890527318977,57.18037787003304,10.709141743624503,2.279081589426417,22.73150893840549,7.099889858510548,64788.21562314666,Low,10.159689163139639,6.342984178578568,463156.3522793639,2026-06-30
80247,0.3204959866288087,54.26207303450305,4.2387040982688475,1778.492263301065,28.450384810644668,7.821209126637438,23.477297673415684,27.52652066104051,28.16413463022733,8.110498855781877,4.900339052897157,13611.0,76.67138097096479,4.644315735864014,81.3156967068288,4.563087575162884,1.3476490225592583,11.42905427746662,62.8300063629716,99.29721322311266,28770.0,3816.4475181369253,454.47164397417816,44.29961765728189,23.05526590198123,5.123392422662496,20.62565172054223,6.896072297532151,65353.70907194995,Low,8.224530626502933,10.45860114139348,407307.0482027052,2026-06-30
80249,0.3013221900436929,55.448141541781006,6.094304102272229,1978.2768292682929,31.769426193318353,4.669191642957996,23.786115754314718,20.792064772361417,31.143062000330943,12.831766803560692,6.777799026474234,14691.0,71.11403642439515,12.85505639929536,83.9690928236905,4.910899531494751,0.37344944474888825,9.840505654555091,25.676288106434775,47.682372612469266,36327.0,294.330491794958,139.5774873276555,17.579211055138053,33.68568833099348,7.6499573320120025,38.414953065213204,2.670190216643268,104052.37897431663,Medium,1.4827120323306993,28.097333658793705,113401.69694259061,2026-06-30
80260,0.30183549656681263,46.883628446805595,3.1310871264877456,1514.4873015873015,32.13165514265179,5.440300112192475,25.636794706506684,19.015433355652373,29.43451878841686,11.83448528677506,8.63846775045654,15905.0,71.23049936128855,18.45287365833699,89.68337301962552,4.337982532236597,0.14730453860442935,4.815360855486355,40.62310781575369,64.64964673289221,34791.0,2804.0728767619867,389.2060567929532,30.33255727055848,2.566755770170446,3.868816647983674,60.25408870110086,2.9777816101865424,61951.86901784944,Low,4.916456712439458,14.25033994794852,286870.1070274193,2026-06-30
80401,0.18274013907895623,46.61305783862298,8.69594654042531,2183.521091871092,29.433084328698744,13.36727076802199,26.50688386555622,17.320274868584566,20.626039459131444,15.303222722366312,6.876308316339469,16156.0,63.64840947832621,5.57367978569405,69.22208926402025,1.431499242898301,4.160900295239006,23.179542033599308,37.788676654690086,52.307142356857156,39991.0,311.205560504755,333.7107862050313,79.75044384986622,1.2627841264284465,2.635593008426896,9.952239253832111,6.398939761446325,119596.7318146583,Medium,0.7470614340340697,20.938149619515926,163806.6545415634,2026-06-30
80403,0.17756047211606601,44.51889818046866,9.112787522562131,2737.371336996337,34.91053003247144,10.408839771776039,15.92304515454101,18.148764589806362,28.859559775010446,15.15939660114681,11.500394107719336,6621.0,68.01265890849744,4.132426544181289,72.14508545267873,0.9251947811586791,1.2471966767698617,25.04503978826053,16.442183662349606,52.135841535219264,18002.0,48.777012874574964,21.638330453080528,88.20131096544829,0.41106543717364735,3.771803132985224,4.33285190534385,3.2829685590489945,145468.84379513387,High,0.04335252782986332,30.069530539506115,85940.89903100807,2026-06-30
80433,0.18193597364846126,49.111752201639845,23.959914971150926,3318.8888888888887,40.20515021361487,7.81356750503293,15.307350355721145,8.510161509241463,28.32086867012216,21.30856190276652,18.739490057115788,2964.0,63.240046517609045,8.151496853504602,71.39154337111366,0.2801120448179272,1.6646360957738202,24.9601382922975,9.193162820622163,34.506550102633874,7284.0,42.26810057040243,11.106691995023374,89.29159802306425,0.0,1.1257550796265787,6.0543657331136735,3.528281164195497,131441.46183415706,High,0.01160573876177991,37.60671191525245,42877.00304917718,2026-06-30
80439,0.16696453718553542,49.1600194239349,14.560067794948454,3143.097222222222,33.28440141839324,15.910198851017382,18.54818216101788,11.731141299505941,23.66905733475883,18.962393440971496,11.179026912728476,7764.0,61.89984221753775,5.547480158396709,67.44732237593446,1.096910673922392,2.8919264435657364,27.325497192450456,12.440384532896303,37.65699001869141,20810.0,47.56520094826112,13.375855643883906,89.40413262854396,0.35079288803459874,0.5910619894281596,6.371936568957232,3.2820759250360405,155839.57736665066,High,0.029713965032551398,39.465682327909775,32420.10231698523,2026-06-30
80454,0.11979060225432707,30.92105263157895,21.052631578947366,,35.05126050420168,5.966386554621849,16.30252100840336,27.142857142857142,28.067226890756302,10.672268907563025,11.848739495798318,1190.0,56.98988697204045,5.353955978584176,62.34384295062463,3.4503271861986913,3.1528851873884594,29.208804283164785,12.603648424543948,21.890547263681594,3004.0,230.34843142396417,8.434862668653814,85.15312916111851,0.6990679094540613,1.0319573901464714,8.954727030625833,4.161118508655127,118250.0,Medium,0.0,25.449146965532638,110716.99529853431,
80465,0.2063017388569702,44.111322234286405,0.8686210640608035,2504.0,33.60412533802658,5.450938098223801,19.249507331261775,26.490957377360868,25.801630387802614,11.824940470308187,11.182026335042753,7109.0,75.37264007184017,3.157906072251567,78.53054614409174,0.453533132470474,0.8345160833940387,18.142178434998335,9.680821237699154,32.40254667551697,15844.0,140.2938470819829,17.700542812224427,80.16283766725574,1.9250189346124715,2.265841959101237,11.676344357485483,3.9699570815450644,146179.9834637718,High,0.008854698755489958,24.41623289116709,123920.55404087881,2026-06-30
80470,0.20552168253750772,65.55555555555556,7.777777777777778,,45.99663425579656,2.842183994016455,10.172026925953627,7.329842931937172,36.200448765893796,16.604338070306657,26.851159311892296,1337.0,68.84338682899835,1.8815716657443278,70.72495849474268,1.770890979524073,1.4941892639734367,26.009961261759823,12.024048096192384,35.80494321977288,3808.0,14.366935357858367,1.58458845858732,91.12394957983193,0.052521008403361345,1.2605042016806722,3.755252100840336,3.8077731092436973,121842.0,Medium,0.0,48.355922116707276,16754.125555981715,
80601,0.2531649188661683,47.580551131404704,5.109640246699062,1973.769238878347,34.902773338877104,12.41346483314563,17.10921083708879,12.566949224808106,32.223915901287825,11.97797637265429,13.708482831015361,18060.0,76.06551851001906,12.965830744191,89.03134925421006,1.7386049840402873,0.4928348195055561,7.318501211868617,31.86258703073347,48.25273697683385,41492.0,597.5359153698267,239.53569074391032,52.38600212089077,2.8342813072399493,2.104020052058228,38.024197435650244,4.651499084160802,99203.81526559337,Medium,0.08640739159883737,29.323595062160706,101505.094645943,2026-06-30
80602,0.22047723505762484,55.54421408577182,22.32215786507725,2932.0595238095243,33.61971665824969,4.920304162026912,19.93818760780257,19.605211089241386,32.69299482223283,13.823419677781029,9.019882640915274,21004.0,74.68973303590795,7.469420678441142,82.15915371434909,1.6486696224074315,0.6478632039597556,14.55534532342713,10.216267828860762,26.47401884106958,46970.0,581.0996084151942,41.964868463792605,63.732169469874385,1.7032148179689164,6.908665105386417,23.749201618054077,3.9067489887162017,142686.15107515437,High,0.0,25.92200889563484,135679.85939305328,2026-06-30
80640,0.21855907603439795,46.975756678023004,34.0410474168436,2523.7000000000003,34.44724669115166,2.2932327607526446,21.421099918097894,28.661256478631884,25.174908173789266,10.132134091547643,12.317368577180668,6073.0,80.53717114707082,5.2918694210010075,85.82904056807183,0.09840758633029166,0.16871535309713184,12.782313835859,16.88653237738544,33.24523841900251,12188.0,321.1893972652408,349.75596328390844,55.37413849688218,0.04922874958976042,1.5999343616672137,40.818838201509685,2.157860190351165,114764.31719724319,Medium,0.13176460340713853,18.681398178282656,209491.3259746455,2026-06-30
80830,0.203136,51.94805194805194,16.450216450216452,,34.621786197564276,20.70365358592693,16.102841677943168,9.742895805142084,16.373477672530445,22.32746955345061,14.749661705006767,739.0,76.71711292200233,8.032596041909198,84.74970896391153,0.0,0.0,13.969732246798602,28.51851851851852,44.567901234567906,2118.0,4.88960481405519,0.04848050098921576,88.14919735599622,2.0774315391879132,0.2360717658168083,4.721435316336167,4.815864022662889,80383.0,Low,0.0,115.98184555191625,104.16117724420498,
