ZCTA5CE,year,job_count,job_accessibility
33004,2015,9749,278346.7810599078
33004,2016,10144,283947.3127332101
33004,2017,10858,287394.1390190717
33004,2018,12043,291353.30857451377
33004,2019,12729,296778.05556639907
33004,2020,10726,283697.0836544697
33004,2021,13710,284045.832338794
33004,2022,14863,301603.75391948246
33004,2023,14817,314742.1474962862
33009,2015,14379,283768.8663622347
33009,2016,14781,288267.3821606801
33009,2017,14467,291409.3401965479
33009,2018,14139,294074.9394480713
33009,2019,14318,299932.56184730155
33009,2020,12206,284971.47416377795
33009,2021,12627,285466.77102814784
33009,2022,13288,303067.193254079
33009,2023,14094,316238.8003926382
33010,2015,12735,421361.0769292814
33010,2016,13353,432396.2349632524
33010,2017,13722,438494.8686278172
33010,2018,14867,444009.2631365037
33010,2019,15193,451594.8315135954
33010,2020,14745,431335.7080515045
33010,2021,14264,429120.2562573079
33010,2022,15394,453809.95960172755
33010,2023,15721,474008.27659659437
33012,2015,17331,379743.44094002084
33012,2016,16559,390873.4523785257
33012,2017,17438,397208.1116767909
33012,2018,17188,402208.7056388678
33012,2019,17084,408412.7007315287
33012,2020,16312,390872.65567665035
33012,2021,16659,391329.85606761574
33012,2022,17194,411181.2024435996
33012,2023,17972,428423.49780159484
33013,2015,8409,393297.06931293925
33013,2016,8818,403516.9145782527
33013,2017,8928,409779.2943085256
33013,2018,8770,414839.63893599773
33013,2019,8828,421763.95126567147
33013,2020,8926,402684.91935941303
33013,2021,8710,402338.24163067597
33013,2022,8728,424654.0447862207
33013,2023,8297,442578.66229051247
33014,2015,21817,342654.8262925975
33014,2016,21923,352590.93861042144
33014,2017,23401,358961.0301653762
33014,2018,23923,363719.8783139173
33014,2019,22756,368921.6987343268
33014,2020,21836,352892.596849801
33014,2021,26643,356021.33116567467
33014,2022,27281,373799.5970506121
33014,2023,26811,388769.0252990071
33015,2015,9795,298288.9936749735
33015,2016,10339,306725.27944445115
33015,2017,9715,312771.667638499
33015,2018,9169,317059.5117958772
33015,2019,9116,321718.0753358609
33015,2020,8805,307857.6588887075
33015,2021,9244,312214.0506920821
33015,2022,9719,327566.17507528845
33015,2023,9597,341224.90354263916
33016,2015,21471,327324.61901864124
33016,2016,23494,338148.00224717014
33016,2017,23397,344023.6225143349
33016,2018,24746,348877.82089460216
33016,2019,24277,353609.2187963099
33016,2020,22643,338855.5643522275
33016,2021,21843,341060.44253700937
33016,2022,22084,356989.3898392084
33016,2023,22973,371842.09262622555
33018,2015,7188,223810.14723133115
33018,2016,7670,231865.4894526043
33018,2017,7957,236298.95095513968
33018,2018,8281,239744.7716185915
33018,2019,9257,243409.30509495994
33018,2020,8807,233540.7570542786
33018,2021,9673,236503.78956956437
33018,2022,10284,246977.21633730375
33018,2023,11155,257790.8917771309
33019,2015,3896,255575.79224286662
33019,2016,4606,260102.51476450713
33019,2017,4684,263083.75459410646
33019,2018,4579,265881.20176277834
33019,2019,5369,271159.5991354116
33019,2020,4562,258315.348912193
33019,2021,3555,258556.19529168532
33019,2022,4194,274810.0329348411
33019,2023,4746,286837.31646439835
33020,2015,23257,290512.0101276501
33020,2016,22386,295445.44877411507
33020,2017,22823,299322.8569487115
33020,2018,22227,302270.1121444668
33020,2019,22902,307919.6148739056
33020,2020,20670,294076.7585304685
33020,2021,21453,294543.9625452238
33020,2022,22378,312703.14324264694
33020,2023,23000,325856.7406594872
33021,2015,26633,311941.7873550997
33021,2016,26649,317539.14338002435
33021,2017,27575,322296.50796780613
33021,2018,25608,325508.80130301585
33021,2019,26534,330966.03339986043
33021,2020,29728,317587.5530359702
33021,2021,27792,318308.1139663968
33021,2022,28654,337540.7094411644
33021,2023,28863,351311.4764606634
33023,2015,11326,314146.1262319836
33023,2016,11019,320082.04673683934
33023,2017,10789,324893.0502986566
33023,2018,11089,328525.05787203996
33023,2019,10648,334239.84280891845
33023,2020,10744,319382.56253343343
33023,2021,10680,321247.0762804153
33023,2022,11250,339782.4367942332
33023,2023,11447,353613.0220704457
33024,2015,13820,306638.0001180168
33024,2016,13786,312779.2818734326
33024,2017,13978,318153.425917907
33024,2018,13852,322454.87002939207
33024,2019,14256,326947.20629042736
33024,2020,12978,313427.74186275445
33024,2021,12719,315998.44592180144
33024,2022,13583,333946.26249663124
33024,2023,13779,347568.28800993465
33025,2015,22306,298396.7980055371
33025,2016,22753,305316.203219283
33025,2017,24079,311499.46926413185
33025,2018,24789,315834.71012654144
33025,2019,24815,320797.2627904905
33025,2020,24705,307251.71682402905
33025,2021,25008,311403.4490887626
33025,2022,26802,327874.0972352393
33025,2023,29263,341934.8666321869
33026,2015,11667,279224.8047086556
33026,2016,11205,285421.333546362
33026,2017,11424,291361.7667796259
33026,2018,11443,295845.37549556536
33026,2019,11193,299556.4251338589
33026,2020,10099,287188.95468158874
33026,2021,10445,291750.0161344988
33026,2022,11333,306574.6308175144
33026,2023,12324,319306.2051164783
33027,2015,20994,252617.03933395824
33027,2016,21023,259313.873048407
33027,2017,22334,265290.31235038635
33027,2018,23181,269262.4896241779
33027,2019,23159,273122.047366716
33027,2020,22219,261730.44740781555
33027,2021,22171,266408.15138496674
33027,2022,22075,278950.6237718618
33027,2023,24284,291254.10633824376
33028,2015,5257,237751.97819495096
33028,2016,5366,243786.97482456177
33028,2017,5816,249593.56759674582
33028,2018,5911,253575.8343202139
33028,2019,9679,257089.00922970474
33028,2020,9835,246449.3638192444
33028,2021,9457,251965.8429092067
33028,2022,9406,263790.9501837044
33028,2023,9839,274912.2236201086
33029,2015,6345,175151.14550687186
33029,2016,6629,180496.64487587247
33029,2017,6956,184836.1062939137
33029,2018,7000,187683.54778336125
33029,2019,6928,189897.73739668546
33029,2020,7056,182166.6356968318
33029,2021,7439,186618.48806865595
33029,2022,7310,194842.58309916983
33029,2023,7837,203246.3396118318
33030,2015,6887,40039.299857529
33030,2016,6943,42440.15816721548
33030,2017,7076,43179.55127066051
33030,2018,6788,43766.341037245285
33030,2019,7330,45390.38500828502
33030,2020,7128,43847.81113053647
33030,2021,7384,45060.447173594424
33030,2022,7761,48103.24819288925
33030,2023,8344,49680.142900983126
33031,2015,2482,51785.76687686313
33031,2016,2345,54868.87894984977
33031,2017,2304,55764.493271959465
33031,2018,2366,56449.729725255704
33031,2019,2666,58239.96666009266
33031,2020,2695,56309.39497057126
33031,2021,3162,57983.10196791759
33031,2022,3152,61923.82161510743
33031,2023,3137,64049.26192562044
33032,2015,3591,81063.33570330648
33032,2016,4002,84480.50545313973
33032,2017,4348,85763.15087954319
33032,2018,4482,86990.1160073147
33032,2019,4706,88860.89736000155
33032,2020,5022,85880.79840480689
33032,2021,5463,88141.06820334448
33032,2022,5986,94104.47257435376
33032,2023,5856,97030.57740508861
33033,2015,6072,53463.46404962137
33033,2016,6574,56070.08766697684
33033,2017,6904,57025.811045816044
33033,2018,7403,57979.40733750997
33033,2019,8372,59781.60092514018
33033,2020,8172,57890.97447344443
33033,2021,8614,59376.069480987986
33033,2022,9122,63550.28561807465
33033,2023,9609,65460.74965617432
33034,2015,5536,1775.3651604432011
33034,2016,5886,1846.788373761798
33034,2017,6418,1912.1050166650512
33034,2018,6682,1935.4725595442897
33034,2019,6647,1998.463759683792
33034,2020,5803,1901.6128586968607
33034,2021,5785,1968.1792750084028
33034,2022,6065,2090.8739296950916
33034,2023,6152,2161.9148105360423
33035,2015,2125,32116.23071469929
33035,2016,1994,33601.421033989645
33035,2017,1891,34151.63840506052
33035,2018,1865,34796.96039653778
33035,2019,2124,35960.36132725144
33035,2020,2103,34800.90385303538
33035,2021,1858,35579.60622298877
33035,2022,1889,38067.1478387251
33035,2023,2036,39258.753306075814
33054,2015,9285,350193.9794037419
33054,2016,9763,359002.9975916767
33054,2017,10241,365069.3239290785
33054,2018,10592,369590.5207147171
33054,2019,11124,376159.75763040624
33054,2020,11033,358612.6407085197
33054,2021,11475,361902.4164049065
33054,2022,11770,381426.08618712815
33054,2023,11083,396758.4239231102
33055,2015,2239,316343.331760718
33055,2016,2220,324206.10825146997
33055,2017,2335,330327.60784419713
33055,2018,2025,334554.64412930276
33055,2019,2297,340213.1846867607
33055,2020,2569,325047.90566631895
33055,2021,2987,329662.0990695267
33055,2022,3594,346923.14516779647
33055,2023,3534,361142.0632449236
33056,2015,3904,323179.79104039894
33056,2016,4254,330571.5677596263
33056,2017,4603,336272.9677077749
33056,2018,4982,340414.1453827392
33056,2019,6087,346846.28837547713
33056,2020,4542,330385.9710143658
33056,2021,5741,334237.6187486447
33056,2022,6267,352467.85461915674
33056,2023,6883,366913.2015699344
33060,2015,9175,257620.78215139615
33060,2016,9417,262234.65431747976
33060,2017,9956,263665.96739575185
33060,2018,10119,268830.8751488443
33060,2019,10405,271459.95792633836
33060,2020,9145,261020.43034392432
33060,2021,9577,265118.68274571485
33060,2022,9691,278708.68125010014
33060,2023,9323,286410.12941298855
33062,2015,8148,220309.9367507729
33062,2016,8883,224551.10814727432
33062,2017,8993,225794.86250279835
33062,2018,9251,230326.24424701204
33062,2019,9025,232721.6010598651
33062,2020,8428,223784.5974528312
33062,2021,8579,227353.43166049727
33062,2022,9357,239576.09112781717
33062,2023,9712,245998.2904227039
33063,2015,11259,261364.1657243039
33063,2016,11583,265708.07356947276
33063,2017,12342,268452.4520193245
33063,2018,11910,273113.4696661245
33063,2019,11651,274867.4482228783
33063,2020,11501,264218.1372786512
33063,2021,11544,268288.5782886447
33063,2022,12371,280411.71138109674
33063,2023,12540,287062.6489665943
33064,2015,19162,234299.51530404098
33064,2016,20062,238950.37981349864
33064,2017,20287,240849.39474555268
33064,2018,20962,245667.91473534302
33064,2019,20859,248279.53134954444
33064,2020,18843,239085.86317167786
33064,2021,19179,243289.16678803042
33064,2022,19572,256552.4280686073
33064,2023,20039,262200.7100326963
33065,2015,16949,209911.51543769182
33065,2016,17028,213807.58490315356
33065,2017,17726,216252.82165830713
33065,2018,17234,219855.70765750972
33065,2019,17485,221008.14974893295
33065,2020,17454,212400.42166840547
33065,2021,16918,215729.1445697629
33065,2022,18851,226145.38658594777
33065,2023,19499,231205.1759223757
33066,2015,1141,268946.42829189985
33066,2016,960,273727.89955743746
33066,2017,1007,276314.3532984986
33066,2018,986,281230.6761160711
33066,2019,1017,283402.80879804486
33066,2020,934,272682.2511733652
33066,2021,832,276996.7904401493
33066,2022,954,290372.4081766025
33066,2023,995,297520.86250595923
33067,2015,6446,204425.7990647974
33067,2016,6821,209064.03949227193
33067,2017,5624,211269.69581178902
33067,2018,5944,215037.80680308826
33067,2019,5935,216682.33539927236
33067,2020,5963,208266.98225746496
33067,2021,7369,212037.75193774147
33067,2022,7677,223592.14401009528
33067,2023,7401,228901.04277118994
33068,2015,10798,288232.62537128467
33068,2016,9237,292192.3999696391
33068,2017,9305,295017.8788588766
33068,2018,9880,300324.8341621759
33068,2019,10324,302020.9054381766
33068,2020,10026,289949.15860716946
33068,2021,10767,293906.0961744347
33068,2022,8472,305768.97475176805
33068,2023,7295,313641.7033432305
33069,2015,30247,280825.351553415
33069,2016,30245,285511.9793781804
33069,2017,30427,287682.0355614653
33069,2018,30641,292952.61556663434
33069,2019,30578,295406.6560125564
33069,2020,30714,284158.3653788794
33069,2021,31508,288626.2865688331
33069,2022,32515,302511.3781540188
33069,2023,32887,310638.62006416236
33071,2015,11337,229032.2223855424
33071,2016,11568,232728.34348784928
33071,2017,11709,235450.95206037516
33071,2018,11889,239455.85551193147
33071,2019,11560,240372.11247842477
33071,2020,10627,230658.5118499011
33071,2021,10780,233873.1079797109
33071,2022,10987,244094.2936908535
33071,2023,10686,249543.13043895926
33073,2015,13754,233415.21260185048
33073,2016,15351,238628.0193282465
33073,2017,16153,241035.85996607892
33073,2018,16775,245518.83384021788
33073,2019,16994,247739.632503464
33073,2020,17306,238192.54576563032
33073,2021,16729,242241.78738085442
33073,2022,19424,255754.35244139188
33073,2023,20097,261789.84041426354
33076,2015,6141,159471.5983901324
33076,2016,6611,163091.6752609124
33076,2017,7242,165089.73044802903
33076,2018,7535,167929.13469174138
33076,2019,7613,168984.4813028251
33076,2020,7538,162532.30856980922
33076,2021,7877,165396.06638985197
33076,2022,8337,174496.89024418287
33076,2023,8693,178617.1269654865
33109,2015,264,292397.83157141827
33109,2016,956,295507.4124862589
33109,2017,937,298183.48003149254
33109,2018,945,301784.97412272403
33109,2019,826,309759.6004467618
33109,2020,740,290947.49724152416
33109,2021,710,287070.4417731085
33109,2022,713,311169.0717710912
33109,2023,771,325978.9846519619
33125,2015,11107,446313.5021826434
33125,2016,10730,453007.4906391661
33125,2017,11338,459548.68487643375
33125,2018,12394,465612.41280511115
33125,2019,13909,474232.97337878693
33125,2020,14176,452502.8421528142
33125,2021,12584,448106.81924938137
33125,2022,13761,480048.7446336454
33125,2023,13775,502587.37321277586
33126,2015,52412,424000.84753936913
33126,2016,62259,434519.13514081255
33126,2017,62060,440025.27660911717
33126,2018,60988,445425.0141162188
33126,2019,61961,452560.18553098856
33126,2020,58596,432482.8513676001
33126,2021,53328,430117.736344252
33126,2022,47923,455864.50897234125
33126,2023,49228,476883.9108532197
33127,2015,7960,428457.1255508463
33127,2016,9150,435180.26144278265
33127,2017,9158,441159.5824244881
33127,2018,9460,446334.67665825563
33127,2019,9627,455769.9647070187
33127,2020,8907,433608.9404035523
33127,2021,8933,428902.6576448569
33127,2022,10498,458504.9373720509
33127,2023,11116,480007.74836486886
33128,2015,31251,442414.6422379073
33128,2016,31741,447525.6715360735
33128,2017,31643,453782.14360106963
33128,2018,31645,460177.42749089724
33128,2019,31538,470338.5789534578
33128,2020,32359,447685.19260507426
33128,2021,32334,441862.9086015327
33128,2022,32651,475090.48400402424
33128,2023,33211,497957.99353223224
33129,2015,3879,397125.20926067914
33129,2016,2777,400789.35673920927
33129,2017,2930,406222.7639878343
33129,2018,3070,412301.4611630624
33129,2019,2893,421048.3602812441
33129,2020,2918,399762.0392700268
33129,2021,2764,395169.5319279856
33129,2022,2810,427259.2280257155
33129,2023,3197,448274.7359374142
33130,2015,18753,430874.8175632413
33130,2016,19282,435518.32568063296
33130,2017,20448,441567.7743785106
33130,2018,21679,448008.42945807823
33130,2019,21431,457812.1303698827
33130,2020,19633,435401.8106292969
33130,2021,19828,429943.598269344
33130,2022,23454,463325.47048945376
33130,2023,25181,485888.51282088726
33131,2015,48734,400993.3296507516
33131,2016,50712,405171.2425686194
33131,2017,52453,410398.7904436843
33131,2018,52636,416338.31266820064
33131,2019,54106,426178.75359321304
33131,2020,51913,403887.6723175506
33131,2021,51306,398364.3239189421
33131,2022,56560,430447.0743819305
33131,2023,61849,451832.6858871437
33132,2015,73820,395741.4232877288
33132,2016,70561,400124.87494440534
33132,2017,69299,404874.53508108895
33132,2018,70901,410364.9391993571
33132,2019,75944,420609.5241434648
33132,2020,69682,397829.204036083
33132,2021,63035,391901.8119974673
33132,2022,65584,422939.95868299727
33132,2023,67957,443574.2213170075
33133,2015,23773,374524.8763383991
33133,2016,15333,375812.34739370877
33133,2017,15416,381054.68851011194
33133,2018,17233,386438.37627990753
33133,2019,17297,392398.5994768749
33133,2020,14701,373774.07521719515
33133,2021,14652,371654.8802537673
33133,2022,25068,403211.65728544083
33133,2023,27528,422380.00912447524
33134,2015,37914,418006.10845644213
33134,2016,38653,423620.14367514476
33134,2017,39097,429452.29063868657
33134,2018,38863,434761.40797067137
33134,2019,36579,440712.2629021435
33134,2020,36146,421190.42047107045
33134,2021,38332,419512.4359008471
33134,2022,42683,449943.310690206
33134,2023,43714,470530.4592800827
33135,2015,6768,434777.59754879936
33135,2016,7370,440074.8416030887
33135,2017,7530,446379.30074562796
33135,2018,7748,452505.98582966975
33135,2019,7739,460420.19174832234
33135,2020,7393,439217.90667049226
33135,2021,7614,435320.8229331864
33135,2022,7927,468336.3688707797
33135,2023,7787,490413.45971365395
33136,2015,12711,446077.2829341729
33136,2016,13530,451698.94502939895
33136,2017,15039,458050.52000208106
33136,2018,15714,464212.433246891
33136,2019,16502,474545.72100188315
33136,2020,18210,451789.4478734677
33136,2021,17669,445847.3415831718
33136,2022,17547,478274.1884586307
33136,2023,18447,501049.14698551234
33137,2015,12533,394176.10190170223
33137,2016,12051,399668.2714582973
33137,2017,13593,404464.25587431324
33137,2018,12571,409110.8933915157
33137,2019,13322,418352.0955857464
33137,2020,13409,396384.81276182993
33137,2021,14537,391681.40318914765
33137,2022,15512,420165.2821426666
33137,2023,17338,440069.3912237672
33138,2015,7694,356362.4738922352
33138,2016,7749,362909.9732853059
33138,2017,7651,367171.2786122982
33138,2018,8094,371091.1079593045
33138,2019,8312,378480.80430888035
33138,2020,7795,358424.46552489564
33138,2021,8633,356186.3459182919
33138,2022,10427,380504.3286346836
33138,2023,10813,398019.6403956645
33139,2015,37928,344644.6907339554
33139,2016,38667,348807.611093301
33139,2017,36408,351977.2029168767
33139,2018,35531,356177.19581712305
33139,2019,38297,365315.9240049801
33139,2020,31148,343716.88163284777
33139,2021,31669,338787.77031968103
33139,2022,35936,366234.11939203076
33139,2023,36051,383648.7861952594
33140,2015,15479,315640.456346664
33140,2016,14889,319872.6803892778
33140,2017,14991,322716.74515180365
33140,2018,15263,326045.45470451075
33140,2019,15351,333828.3380121813
33140,2020,14083,313965.0335855987
33140,2021,11960,309736.4784073744
33140,2022,14559,334150.2625998501
33140,2023,15457,349995.2635467755
33141,2015,5486,302027.676458487
33141,2016,5522,306891.9246217724
33141,2017,5451,310014.38836493937
33141,2018,5877,313014.7156116049
33141,2019,5640,319742.81956305925
33141,2020,4853,301390.1839772712
33141,2021,5133,298919.72943204455
33141,2022,5411,320820.3984336576
33141,2023,6081,335959.2701073229
33142,2015,32963,441985.0891745343
33142,2016,33673,451007.2873759653
33142,2017,34193,457301.9401269591
33142,2018,34239,463023.5963111741
33142,2019,35224,471271.77326223976
33142,2020,33422,449630.20001356467
33142,2021,31622,445919.75462822116
33142,2022,35714,474939.98611957557
33142,2023,40310,497104.92832561117
33143,2015,21404,326981.8414458082
33143,2016,22327,330381.54556682636
33143,2017,22353,334660.40793532855
33143,2018,23070,339067.38521130325
33143,2019,22697,342855.65394075407
33143,2020,22461,327606.1690941135
33143,2021,22996,328281.57611969585
33143,2022,24743,350610.52996120753
33143,2023,26235,365803.323398859
33144,2015,9945,400628.8724039923
33144,2016,9712,410443.7295952414
33144,2017,9586,415530.13639709156
33144,2018,9603,420557.9341686211
33144,2019,9250,426778.866936487
33144,2020,8834,407978.819644019
33144,2021,9240,406803.6105532248
33144,2022,9242,430383.02473402716
33144,2023,9040,449421.20804402477
33145,2015,6974,416993.73650858464
33145,2016,7077,420958.16731399525
33145,2017,7150,426917.44990090845
33145,2018,7194,432849.6391009238
33145,2019,6830,440027.3749716552
33145,2020,6683,419531.4889973408
33145,2021,6964,416356.48486891005
33145,2022,7120,449508.6191697692
33145,2023,7312,470832.11277654144
33146,2015,19900,366127.938236788
33146,2016,19434,368205.8614612872
33146,2017,21064,373401.67367654067
33146,2018,20689,378239.30447767867
33146,2019,20964,382941.57192596665
33146,2020,20282,365876.5372721985
33146,2021,20180,365475.99136384815
33146,2022,21335,393003.829443665
33146,2023,21774,410727.7148383693
33147,2015,8996,401106.19217654446
33147,2016,9353,410208.26311397087
33147,2017,9431,416060.40071692393
33147,2018,9000,421028.8072305486
33147,2019,9033,428607.16962673794
33147,2020,7787,408233.0305778757
33147,2021,8109,406440.56866493507
33147,2022,8184,431184.6940293919
33147,2023,8157,450137.7678220481
33149,2015,4223,265821.728743814
33149,2016,4351,267563.11750917125
33149,2017,4413,270699.87461330055
33149,2018,4189,274451.8160890825
33149,2019,4208,280571.09493040387
33149,2020,3823,265049.25039837835
33149,2021,3912,262217.68647632236
33149,2022,4270,284484.3329090322
33149,2023,4402,298293.0508042983
33150,2015,5205,384716.056715388
33150,2016,5272,392559.43853930396
33150,2017,5201,397679.7131691334
33150,2018,5324,402162.74393511005
33150,2019,4983,409854.0733896514
33150,2020,4874,389371.66494304815
33150,2021,3661,387150.3756257786
33150,2022,4502,412214.8972971678
33150,2023,4829,430817.546026447
33154,2015,5734,276359.28823840583
33154,2016,5947,281462.1385832573
33154,2017,6467,284439.89266170573
33154,2018,6237,286697.5282681835
33154,2019,6565,292717.4059318046
33154,2020,6402,276017.86447907315
33154,2021,6147,275053.0495861535
33154,2022,7254,294020.6089371105
33154,2023,8156,307669.23053813534
33155,2015,22604,371558.4012541887
33155,2016,23682,378617.16991262935
33155,2017,24339,383444.54818762926
33155,2018,23603,388029.1316976316
33155,2019,23916,393078.5860905557
33155,2020,22325,375659.4479379242
33155,2021,22480,375663.288811828
33155,2022,23036,398847.072165853
33155,2023,23493,416145.166467749
33156,2015,24148,259279.75509012744
33156,2016,23558,261487.0759704403
33156,2017,23779,264797.5177678837
33156,2018,24681,268377.5216484377
33156,2019,24501,271150.6937860909
33156,2020,23548,259079.37034636838
33156,2021,23331,260446.036353726
33156,2022,23608,278060.3148596005
33156,2023,24116,289942.2942869584
33157,2015,17037,161949.81856347166
33157,2016,16872,164830.82866718934
33157,2017,16691,166761.55228122525
33157,2018,16869,168929.1133070049
33157,2019,16850,170762.43664925898
33157,2020,15649,163531.76781414813
33157,2021,16670,166457.91354904958
33157,2022,16915,176687.80469255766
33157,2023,17483,183562.21130009738
33158,2015,1270,206259.7719405123
33158,2016,1293,208479.5937049786
33158,2017,1276,211055.06565015577
33158,2018,1434,213896.05048072865
33158,2019,1377,216012.6975352556
33158,2020,1366,206501.64997212647
33158,2021,1406,208509.06766542702
33158,2022,1540,222160.50061440808
33158,2023,1580,231411.9096636736
33160,2015,11144,270756.7142134
33160,2016,12261,275753.37924333906
33160,2017,11986,278540.7126146587
33160,2018,11402,280624.9086155032
33160,2019,12564,286659.76278139174
33160,2020,10788,270696.9528405875
33160,2021,10984,270875.5107285156
33160,2022,12167,288196.3209154622
33160,2023,12459,300974.49483949173
33161,2015,11523,333389.09577265655
33161,2016,13508,340357.731807143
33161,2017,13005,344400.8444457135
33161,2018,13144,347828.9487454253
33161,2019,11645,354385.9170076998
33161,2020,10270,335490.0059691811
33161,2021,9464,335346.5847071563
33161,2022,9705,356037.034849634
33161,2023,9951,371731.9665233558
33162,2015,10488,315889.76034968236
33162,2016,10862,322135.08587060025
33162,2017,11477,326066.8217127637
33162,2018,11275,329246.616616044
33162,2019,10544,335664.8226622487
33162,2020,9634,317909.6297729318
33162,2021,9969,319009.1650976185
33162,2022,9269,337796.6289866716
33162,2023,9562,352294.277304792
33165,2015,9985,317333.5872998907
33165,2016,10450,326338.6797854208
33165,2017,10315,330129.91978125175
33165,2018,10786,334163.4476074254
33165,2019,9849,338792.90243923594
33165,2020,8133,323600.23062229506
33165,2021,8437,325208.551647068
33165,2022,8612,341746.54431285127
33165,2023,9185,355918.12013379973
33166,2015,43657,415317.61864014005
33166,2016,45148,428450.23095801985
33166,2017,45407,434081.1912770472
33166,2018,48003,439329.10827178694
33166,2019,49316,446778.70870535105
33166,2020,48753,427596.51005783846
33166,2021,47192,425634.7038000403
33166,2022,49094,447693.76424802904
33166,2023,51234,467426.47710006114
33167,2015,4807,367213.3127933287
33167,2016,5150,376074.9170917638
33167,2017,5640,381757.5408742814
33167,2018,5838,386258.55909755826
33167,2019,5810,393246.9663178608
33167,2020,5728,374272.00083502417
33167,2021,5755,374954.3472271706
33167,2022,6146,396526.2415220117
33167,2023,6597,413168.088835753
33168,2015,2579,350353.0310794826
33168,2016,2503,358286.33778288396
33168,2017,2761,363119.19932974933
33168,2018,2570,367045.2399819067
33168,2019,2584,373997.51121105085
33168,2020,2579,354981.07535514096
33168,2021,2731,355377.10920313303
33168,2022,2705,376450.0641787468
33168,2023,2723,392617.1260208233
33169,2015,17846,325763.6182857301
33169,2016,17745,332647.4212825469
33169,2017,17921,337635.0852943402
33169,2018,17948,341495.65085518296
33169,2019,20149,348219.9109080545
33169,2020,17585,330934.9976071377
33169,2021,17932,333509.65858024376
33169,2022,18708,352221.91155707993
33169,2023,18759,366722.13778685423
33170,2015,1923,81169.29016972192
33170,2016,4711,85472.19473515246
33170,2017,4930,86771.35376493572
33170,2018,4857,87904.46768146349
33170,2019,5129,90018.77395290721
33170,2020,5396,87056.98369167694
33170,2021,5451,89474.56863393821
33170,2022,7072,95577.4764208134
33170,2023,6172,98692.52947817062
33172,2015,39835,357425.0597898378
33172,2016,40155,372368.5714536558
33172,2017,39105,376607.3841984764
33172,2018,38063,381154.87467512867
33172,2019,39466,388008.6642758151
33172,2020,37158,371220.68406435824
33172,2021,37832,370575.3603849021
33172,2022,38641,385228.62801061705
33172,2023,39228,401159.47954995703
33173,2015,10318,282692.0417562246
33173,2016,10558,289020.08469340036
33173,2017,10152,292274.0602112206
33173,2018,10118,295938.6672396101
33173,2019,9694,299717.4684253775
33173,2020,9375,286625.25677304075
33173,2021,9867,289155.8212515381
33173,2022,9826,305522.6115238132
33173,2023,9644,317930.35578757594
33174,2015,12454,341543.3380670567
33174,2016,13257,353502.76539809996
33174,2017,13561,357596.21423355775
33174,2018,13635,361880.6811622464
33174,2019,13473,367698.22018912795
33174,2020,13323,351369.06903494353
33174,2021,13421,351855.0960325258
33174,2022,13364,367735.31516731175
33174,2023,13825,383087.26796006155
33175,2015,7574,246670.6403673236
33175,2016,7851,255029.06894845155
33175,2017,8041,258192.81793456757
33175,2018,8212,261595.34013422046
33175,2019,8438,265995.77221425774
33175,2020,8323,253949.6321872553
33175,2021,8802,256713.27586521523
33175,2022,9026,268557.1812824203
33175,2023,9455,279798.53943663643
33176,2015,22110,225451.87598424053
33176,2016,22795,229816.7745798621
33176,2017,22757,232554.5726950147
33176,2018,22423,235494.76978128962
33176,2019,22334,238143.92332130918
33176,2020,21305,227929.48908807122
33176,2021,22491,231042.3215866721
33176,2022,26071,244742.7331317766
33176,2023,27007,254635.9226999842
33177,2015,4050,130267.21877969372
33177,2016,4468,134394.58353674374
33177,2017,4510,136141.97296441445
33177,2018,4733,137945.02116274217
33177,2019,4728,140097.0043917968
33177,2020,4428,134797.7051340696
33177,2021,4773,138112.10838336218
33177,2022,5416,146468.1748425735
33177,2023,5767,151940.72397011035
33178,2015,39626,229278.24225178544
33178,2016,42204,239176.44377541574
33178,2017,42899,242787.78290559506
33178,2018,42684,246125.7700985482
33178,2019,41824,250755.52621296069
33178,2020,43252,240276.9743857251
33178,2021,42994,241802.47257180576
33178,2022,44330,251613.407264587
33178,2023,47912,262620.76545503637
33179,2015,7077,309834.7367815559
33179,2016,7237,315480.2471976378
33179,2017,6652,319371.981322439
33179,2018,7075,322684.8126833032
33179,2019,7445,328944.2092220399
33179,2020,7084,312451.3061996443
33179,2021,7242,313768.8064134403
33179,2022,7547,332161.0040690796
33179,2023,7846,346149.96512174787
33180,2015,24586,282017.5420775451
33180,2016,22949,286420.7277263931
33180,2017,22386,289250.3449671489
33180,2018,23376,291946.34450664057
33180,2019,24064,297998.79235409864
33180,2020,22668,282250.4256151581
33180,2021,22371,282569.4488233315
33180,2022,23578,300156.4179970831
33180,2023,25538,313450.6067672342
33181,2015,8747,301497.14439311356
33181,2016,9567,307436.02960545244
33181,2017,9560,310774.5983791417
33181,2018,8908,313370.61344021105
33181,2019,9155,319590.1349611717
33181,2020,8548,301788.8672067704
33181,2021,9777,301496.3334798317
33181,2022,9829,321018.90130248165
33181,2023,10517,335525.3460196352
33182,2015,1869,274108.45220461907
33182,2016,2370,285477.6870453892
33182,2017,3124,289132.7165281254
33182,2018,3741,292787.48343594227
33182,2019,5769,298493.261966765
33182,2020,3240,285019.8618811727
33182,2021,5789,286573.432070034
33182,2022,6696,298157.86301750893
33182,2023,7676,310792.19448222074
33183,2015,6912,223988.19592674
33183,2016,7059,230485.34500084727
33183,2017,6996,233273.56450519417
33183,2018,7158,236308.07454994612
33183,2019,8006,239994.70753146106
33183,2020,7519,229538.30289222737
33183,2021,7696,232892.8988910751
33183,2022,7624,244632.75889982752
33183,2023,7474,254660.69920752585
33184,2015,2908,258830.63118332397
33184,2016,2989,268725.6240711473
33184,2017,3125,272135.3383064708
33184,2018,3115,275644.94116245816
33184,2019,2985,280757.5844011004
33184,2020,2912,267890.28531590186
33184,2021,3007,270106.5375351538
33184,2022,3277,281717.62084892683
33184,2023,3345,293633.8890285644
33185,2015,1707,173607.57438477708
33185,2016,1729,179990.29937139788
33185,2017,1935,182506.9717393947
33185,2018,2224,185162.4399268189
33185,2019,2060,188755.42866318324
33185,2020,2169,180293.52498552026
33185,2021,2456,183299.28900141089
33185,2022,2467,191683.3760096955
33185,2023,2963,199982.4003896782
33186,2015,23660,182293.329018021
33186,2016,24081,187227.91263168366
33186,2017,24906,189617.0419334533
33186,2018,25151,192095.00710719725
33186,2019,25852,194993.61777424044
33186,2020,25973,187227.18149571016
33186,2021,27564,191058.47430352232
33186,2022,28400,201343.04711417572
33186,2023,29746,209498.6416471299
33187,2015,2411,34316.918209349664
33187,2016,2554,36143.06441387777
33187,2017,2813,36737.106078184086
33187,2018,2753,37189.54400271083
33187,2019,3127,38312.18407011145
33187,2020,3199,36993.39799592538
33187,2021,3708,38131.16161668626
33187,2022,4805,40572.55528390629
33187,2023,5167,42133.76291759382
33189,2015,4072,123237.29283775222
33189,2016,4044,125817.37026110681
33189,2017,3894,127343.96862904137
33189,2018,4099,129073.63288086494
33189,2019,3967,130748.21809934994
33189,2020,3879,125341.23026313224
33189,2021,3898,127822.34515105483
33189,2022,3911,135880.7180955206
33189,2023,3950,140848.97537473208
33190,2015,764,107205.02101839986
33190,2016,913,109922.9193205069
33190,2017,909,111293.17950797529
33190,2018,757,112802.27579535279
33190,2019,815,114457.7962452049
33190,2020,797,109903.57346343681
33190,2021,948,112302.258901075
33190,2022,971,119469.06087046597
33190,2023,898,123645.9570443513
33193,2015,3151,148673.87941859072
33193,2016,3343,153905.90217668493
33193,2017,3471,156000.31789329954
33193,2018,3637,158241.59402147436
33193,2019,3576,161257.78871069907
33193,2020,3351,154369.34634965454
33193,2021,3504,157457.79924338858
33193,2022,3596,164999.9570327079
33193,2023,3800,172079.31814114057
33194,2015,333,38112.50821350225
33194,2016,371,39755.18559986087
33194,2017,350,40393.102775510175
33194,2018,447,40914.92688365439
33194,2019,427,41998.552141761946
33194,2020,519,40346.42189864822
33194,2021,473,41442.62206511506
33194,2022,583,43659.68081420263
33194,2023,559,45466.320076824864
33196,2015,6521,60487.663884057576
33196,2016,6640,63016.91672683544
33196,2017,6478,63952.46867511045
33196,2018,6656,64811.690439872866
33196,2019,7073,66341.07459170258
33196,2020,7035,63819.807366643516
33196,2021,7572,65560.1519900399
33196,2022,7747,69158.88939396355
33196,2023,8424,72098.68438234064
33301,2015,35350,290962.0900469772
33301,2016,37744,296766.36857591907
33301,2017,36873,298520.85747280787
33301,2018,37244,303389.11673770816
33301,2019,39489,308026.46605170344
33301,2020,38098,294939.65818061476
33301,2021,36958,295614.16452196985
33301,2022,38980,312337.22917986504
33301,2023,44421,326642.5419737275
33304,2015,11835,280269.14007846575
33304,2016,11877,285718.0616207163
33304,2017,11636,286916.94775215274
33304,2018,11359,291707.01223132067
33304,2019,11149,295884.29292147333
33304,2020,9911,283285.89382416045
33304,2021,9482,284799.77554362227
33304,2022,10548,300493.80384253914
33304,2023,11370,313483.77416919
33305,2015,4204,283635.9647800137
33305,2016,4561,289054.13252801006
33305,2017,4949,290038.98681676685
33305,2018,5018,295136.97959614627
33305,2019,5328,299057.626901078
33305,2020,5031,286507.8268473292
33305,2021,5064,288734.7259454946
33305,2022,5632,304172.2757383338
33305,2023,5551,316637.8673975444
33308,2015,18960,257584.06786063733
33308,2016,18680,262217.26206287765
33308,2017,16061,262676.92864715285
33308,2018,18672,267932.88202615624
33308,2019,18495,270958.56494221144
33308,2020,17564,259899.91603229073
33308,2021,18085,263162.95098817785
33308,2022,18375,276965.7787946683
33308,2023,19235,286737.95516681805
33309,2015,55379,315829.34557585436
33309,2016,54894,320565.1168613426
33309,2017,55412,322905.3594521556
33309,2018,56220,328803.78546112805
33309,2019,56628,331484.19211159437
33309,2020,55397,318437.0367804756
33309,2021,57576,322722.7738231173
33309,2022,58869,337258.31338710204
33309,2023,61903,348554.36159954756
33311,2015,18827,319330.42126082577
33311,2016,18590,324943.0299154128
33311,2017,18415,327452.570559305
33311,2018,18860,333428.8569992899
33311,2019,19502,336876.98063450604
33311,2020,13174,323355.8745639568
33311,2021,13192,325420.55683816096
33311,2022,14205,341528.8581794699
33311,2023,15093,354856.9877807857
33312,2015,17493,316636.3931786038
33312,2016,17683,323092.2477045874
33312,2017,19276,327323.14808846527
33312,2018,19188,332706.7794995736
33312,2019,19450,337065.87226604146
33312,2020,25184,323672.0331021705
33312,2021,23105,324331.87506193493
33312,2022,24804,343169.8391804276
33312,2023,24696,357209.11403149343
33313,2015,12824,316640.1144115277
33313,2016,13242,322014.28671882604
33313,2017,13086,325420.85333387885
33313,2018,14405,332177.2453486818
33313,2019,14502,333247.80221677874
33313,2020,9281,319179.51782033383
33313,2021,9869,321955.87956717564
33313,2022,9032,335807.1992931534
33313,2023,10214,346908.70205972344
33314,2015,19410,314607.6280098661
33314,2016,19715,320977.1552393359
33314,2017,19660,325941.6692739203
33314,2018,19154,331052.23239424615
33314,2019,19261,334450.00996554503
33314,2020,18684,321170.0705332838
33314,2021,18271,323074.89874377986
33314,2022,23792,342105.5658042002
33314,2023,26144,355869.29695916147
33315,2015,13424,304166.05508417176
33315,2016,14638,310401.3759667583
33315,2017,15550,314013.6338931648
33315,2018,16850,319092.98418318917
33315,2019,17551,324112.26084249746
33315,2020,17727,310695.06241517735
33315,2021,15258,310851.4707005825
33315,2022,16814,329343.2951091599
33315,2023,17365,343391.3397745874
33316,2015,23021,277091.89916814247
33316,2016,22547,282634.6775859305
33316,2017,22814,284825.2745710047
33316,2018,22669,289233.5966263573
33316,2019,22361,293950.75112857396
33316,2020,21394,281256.8032738825
33316,2021,20652,281457.4466213514
33316,2022,23099,298122.6251587218
33316,2023,24620,311643.01130935375
33317,2015,13965,317252.82333634543
33317,2016,14203,323459.6627902679
33317,2017,14340,327630.046390029
33317,2018,14411,334103.4291657846
33317,2019,14203,335599.1726047697
33317,2020,13834,321892.40732041275
33317,2021,13815,324306.6253416335
33317,2022,14610,340500.3743544396
33317,2023,14593,353208.38484872354
33319,2015,8008,306290.70982031024
33319,2016,7468,310700.88008923264
33319,2017,7567,313768.5736612412
33319,2018,7390,319803.22555833985
33319,2019,7452,321094.95502001897
33319,2020,6685,307657.4634724499
33319,2021,6921,310913.15573631914
33319,2022,6394,323374.29061793117
33319,2023,6841,332715.088887233
33321,2015,12308,252365.84757339317
33321,2016,12411,256293.06422413167
33321,2017,11967,259340.40650762123
33321,2018,11491,263987.80232745304
33321,2019,12302,264706.17054373864
33321,2020,11872,253641.40766330872
33321,2021,11285,256744.35990656892
33321,2022,12259,267339.59791029355
33321,2023,12602,273668.4582826393
33322,2015,8280,287374.11248880514
33322,2016,8638,292784.35297842434
33322,2017,8534,296956.06111953396
33322,2018,9541,303492.3256158186
33322,2019,8891,302761.03088460775
33322,2020,7929,289529.7169450351
33322,2021,7990,293370.527701102
33322,2022,7861,306061.19868093333
33322,2023,8643,314681.93081205274
33323,2015,26701,236554.57016914902
33323,2016,27840,241614.9819868423
33323,2017,29557,246545.82217723958
33323,2018,29826,251586.3020113696
33323,2019,27552,250213.29240964807
33323,2020,25002,239345.81275684846
33323,2021,26684,245402.2505068454
33323,2022,30110,257236.76227526227
33323,2023,27614,262357.61182847654
33324,2015,30644,292632.5450824277
33324,2016,31420,298939.94669931015
33324,2017,32100,303897.29657310207
33324,2018,35023,310530.236969866
33324,2019,31327,310025.6366444163
33324,2020,32387,297281.273859968
33324,2021,33393,301692.16418407904
33324,2022,30209,315493.10921100684
33324,2023,33712,326064.2275617995
33325,2015,12460,244623.74896176363
33325,2016,12435,250196.60538901025
33325,2017,13004,255638.21443180923
33325,2018,13708,260686.04054263607
33325,2019,14200,259949.8760550827
33325,2020,14391,249107.64576730086
33325,2021,16892,255954.2750999507
33325,2022,17942,267866.4325891347
33325,2023,15725,275065.4752679894
33326,2015,9977,187022.99980423567
33326,2016,9710,191795.4801511963
33326,2017,11589,197103.69955219553
33326,2018,12015,200625.6109874143
33326,2019,12185,199552.65522418555
33326,2020,11939,190893.46273975994
33326,2021,13385,198481.71527428215
33326,2022,13946,207853.66701372922
33326,2023,14729,213476.18774127463
33327,2015,1171,105559.61211563596
33327,2016,1911,107841.48580828182
33327,2017,2113,109880.07155144843
33327,2018,1773,111790.15993900957
33327,2019,1593,111601.1371254625
33327,2020,1885,106969.63551169776
33327,2021,2222,109429.85406423119
33327,2022,2570,114847.4299085113
33327,2023,2771,117202.02638841473
33328,2015,8305,290528.9134973078
33328,2016,8661,296898.79541239387
33328,2017,8520,302265.8221208147
33328,2018,9302,307543.21630165697
33328,2019,9879,309653.42236163473
33328,2020,9989,297289.90121997276
33328,2021,9996,301361.1544237861
33328,2022,10837,316446.89467216586
33328,2023,11276,328520.16870410123
33330,2015,4207,247938.2455565174
33330,2016,4284,253877.20985431576
33330,2017,4250,259521.4608291777
33330,2018,4214,264017.3470756617
33330,2019,4332,265609.4481665927
33330,2020,4021,254726.93145501814
33330,2021,4298,260875.33235714992
33330,2022,4727,273108.10323525715
33330,2023,4873,283191.4986089092
33331,2015,14167,201295.15980235176
33331,2016,15584,206761.49400805347
33331,2017,15597,212059.07807916784
33331,2018,15528,215577.97872405374
33331,2019,12254,216023.21076536406
33331,2020,10868,206884.4995773086
33331,2021,15585,214231.74225241126
33331,2022,16753,224013.58923637
33331,2023,17827,232247.308521264
33332,2015,3190,127906.17782963743
33332,2016,3157,131872.16998635494
33332,2017,3379,135390.54712773065
33332,2018,3274,137525.42935438955
33332,2019,3294,138154.40260008414
33332,2020,2651,132458.34830761372
33332,2021,2688,136953.7714609908
33332,2022,2534,142858.96494792253
33332,2023,2627,148424.15518469358
33334,2015,13536,291714.84557001956
33334,2016,14392,296807.73405719025
33334,2017,15066,297727.4599085189
33334,2018,14233,303562.4752663426
33334,2019,15163,306902.66526197764
33334,2020,14443,294527.621840527
33334,2021,15599,298177.2027203575
33334,2022,17310,313254.4204866428
33334,2023,18241,324571.5842740627
33351,2015,46106,273841.51255143364
33351,2016,46823,278490.8013939088
33351,2017,47079,282108.27226780576
33351,2018,47521,287681.9912086101
33351,2019,47556,287684.7840938234
33351,2020,47801,275249.5634843913
33351,2021,44942,278490.33986672165
33351,2022,45362,290046.34509179456
33351,2023,44771,297378.9360506449
33401,2015,43980,161795.94339857332
33401,2016,44006,166898.22171357714
33401,2017,43362,169015.54350621402
33401,2018,44278,171816.99608562083
33401,2019,44271,173249.80785714675
33401,2020,43526,169282.93541095275
33401,2021,43516,170767.71665645068
33401,2022,45861,181962.31708372678
33401,2023,45532,186940.89242395884
33403,2015,8057,126184.45643415468
33403,2016,8284,131375.40142621272
33403,2017,8764,133289.86905434975
33403,2018,8580,135247.9662107873
33403,2019,8899,135131.24518990822
33403,2020,8247,133630.82311244463
33403,2021,8211,133695.28678308267
33403,2022,8482,141308.9986327864
33403,2023,8670,146029.03895510835
33404,2015,17429,132525.2626440757
33404,2016,20849,137536.1726228714
33404,2017,20284,139340.12342510556
33404,2018,20831,141583.5787817796
33404,2019,19834,141401.58138717426
33404,2020,20814,139515.52419368617
33404,2021,19359,140054.66727522397
33404,2022,19261,148100.2682958223
33404,2023,20525,152799.29168484753
33405,2015,6777,151592.89859695596
33405,2016,8597,158111.08386212002
33405,2017,8699,160488.93747618044
33405,2018,8841,162734.2109261533
33405,2019,9575,165971.5371242439
33405,2020,8839,160291.17020975775
33405,2021,9391,162339.98532710975
33405,2022,9786,174571.54320902395
33405,2023,9826,178746.33732956086
33406,2015,35611,162865.32076656196
33406,2016,37491,169739.12005270127
33406,2017,37975,172539.95024019355
33406,2018,38839,175189.47868402395
33406,2019,41906,178984.3177450483
33406,2020,39005,172692.15057984955
33406,2021,38788,174557.45052472685
33406,2022,40394,186336.78844345428
33406,2023,41882,191665.1583057787
33407,2015,22494,149013.0191059291
33407,2016,22531,154145.72406852336
33407,2017,23127,156143.83630600976
33407,2018,24014,159139.1099672528
33407,2019,22238,158877.0205440826
33407,2020,22113,156388.8446457119
33407,2021,22398,157255.89658118694
33407,2022,23499,166563.098390708
33407,2023,24766,171925.38189281643
33408,2015,13406,99179.06370187522
33408,2016,13936,103232.85095297091
33408,2017,13967,104923.94718458754
33408,2018,13095,106101.39845814154
33408,2019,13223,106653.92622697093
33408,2020,14083,105584.17239888558
33408,2021,14425,105833.00590058729
33408,2022,15249,112033.50309466272
33408,2023,16396,116054.40991329106
33409,2015,19293,162398.74549957807
33409,2016,17983,167604.54819677625
33409,2017,18660,169970.63341624313
33409,2018,18543,173156.6958419618
33409,2019,18506,174502.85502939406
33409,2020,18639,170473.77813799246
33409,2021,19374,172097.27337539438
33409,2022,20050,183016.9523898688
33409,2023,21477,188586.74159662682
33410,2015,24979,104661.30358092002
33410,2016,25957,109040.17825517476
33410,2017,26713,111077.75350807968
33410,2018,27622,112422.76130308068
33410,2019,27873,113072.95936866404
33410,2020,27533,111895.19152718535
33410,2021,26493,111886.4306189102
33410,2022,27620,118536.57166422998
33410,2023,28801,122917.36610244737
33411,2015,20213,106257.33120204962
33411,2016,21043,110427.81382198106
33411,2017,22215,112877.19468928305
33411,2018,24264,115513.70117106705
33411,2019,24091,116839.06632556776
33411,2020,22500,113727.26353227346
33411,2021,23491,115206.0823564326
33411,2022,25272,122376.92889925145
33411,2023,26577,126656.04783793526
33412,2015,3788,73660.81337396262
33412,2016,2601,76157.23239248527
33412,2017,2681,77748.35278713286
33412,2018,2715,79080.96791930523
33412,2019,2649,79712.36208513795
33412,2020,2782,78549.92948993904
33412,2021,2596,79143.81227094642
33412,2022,2558,84149.1098990114
33412,2023,2704,87173.4657512458
33413,2015,3857,138143.74000259672
33413,2016,3612,143722.01737128277
33413,2017,3817,146661.70512234728
33413,2018,4146,149381.06981361046
33413,2019,3994,152086.34842132076
33413,2020,4108,147179.31253007994
33413,2021,4700,149039.53740055638
33413,2022,5091,158429.34826310803
33413,2023,5276,163694.21025873913
33414,2015,16552,86329.88884590684
33414,2016,17318,89844.97627067342
33414,2017,18098,91932.98178599324
33414,2018,17856,93434.80948167124
33414,2019,18538,95208.70700255976
33414,2020,17789,92060.11480338893
33414,2021,18131,93686.68580589209
33414,2022,18885,99163.15750548584
33414,2023,19386,102641.82906881414
33415,2015,4263,152040.48954315193
33415,2016,4387,158334.74394959616
33415,2017,4633,161292.09833370952
33415,2018,4521,163974.60640486164
33415,2019,4703,167276.83096402336
33415,2020,4825,161612.7711926932
33415,2021,4787,163465.90700163232
33415,2022,5046,173964.82901040325
33415,2023,5160,179497.00512471353
33417,2015,5358,150100.1427837172
33417,2016,5745,155293.1470836063
33417,2017,5570,157813.69537218314
33417,2018,5959,161085.02958038615
33417,2019,5820,162254.98769528663
33417,2020,5501,158618.28029597676
33417,2021,5246,160076.66215501513
33417,2022,5413,170068.23336715245
33417,2023,5468,175579.44623129166
33418,2015,8887,75897.67450716514
33418,2016,9209,78756.40538320146
33418,2017,9539,80448.87321261945
33418,2018,9183,81488.71400308286
33418,2019,9903,82225.03356049299
33418,2020,10112,81357.96017581852
33418,2021,10398,81800.07959446339
33418,2022,12716,86893.12216260693
33418,2023,12954,90023.81816298746
33426,2015,16101,133881.02800958444
33426,2016,19146,140193.556171424
33426,2017,18931,141721.25515456442
33426,2018,18643,143404.31564073826
33426,2019,19285,146192.55994662544
33426,2020,18716,139993.16898180166
33426,2021,19179,141569.0894427263
33426,2022,20230,152170.54411236182
33426,2023,21892,157197.51824609883
33428,2015,7479,169466.32423982033
33428,2016,7728,173591.3811292629
33428,2017,8222,175534.95711099025
33428,2018,8731,178727.43633370794
33428,2019,9012,180268.36434069113
33428,2020,7595,172999.2245031534
33428,2021,7716,176146.05678875046
33428,2022,8143,186800.93860339618
33428,2023,8743,191666.44576589618
33430,2015,5442,10469.895460029491
33430,2016,5699,12428.231901084595
33430,2017,5560,12709.917335312526
33430,2018,6511,12480.656210401457
33430,2019,6225,12517.828636470309
33430,2020,6265,12508.132744707558
33430,2021,6734,13199.254173026871
33430,2022,6569,13704.335167151545
33430,2023,7252,14330.677368910372
33431,2015,35340,201616.29031222878
33431,2016,34996,206026.68751826085
33431,2017,35671,207509.64698307196
33431,2018,36801,211558.5486743765
33431,2019,35830,213694.42967357615
33431,2020,34551,204529.4703721102
33431,2021,35658,207745.24204504688
33431,2022,38793,222824.8897698654
33431,2023,39809,228314.02680471248
33432,2015,18865,195455.68322637002
33432,2016,20098,199777.10500842368
33432,2017,19941,200862.1988227209
33432,2018,19870,205085.11287900788
33432,2019,19897,207241.7025809514
33432,2020,19501,199209.48052131676
33432,2021,19296,202284.57052997427
33432,2022,21293,215871.58544202015
33432,2023,22505,221244.0084216
33433,2015,10513,211803.31373820733
33433,2016,10442,216465.67940194596
33433,2017,9634,218005.46096841188
33433,2018,9825,222243.98782963553
33433,2019,9673,224573.78053962995
33433,2020,9099,215194.8749863166
33433,2021,9306,218985.43212426573
33433,2022,9390,232867.15008352778
33433,2023,10501,238897.222607649
33434,2015,6328,187337.58322780547
33434,2016,6599,191700.6532024549
33434,2017,6439,193278.96287754807
33434,2018,6488,196833.64035416464
33434,2019,6391,198932.2928997106
33434,2020,6465,190254.54431949503
33434,2021,6696,193526.30608961039
33434,2022,7256,206758.51882960676
33434,2023,7555,212393.835193953
33435,2015,9339,126927.63218445293
33435,2016,9207,132687.17056153427
33435,2017,9361,134073.06365648282
33435,2018,9471,135717.49555786198
33435,2019,9716,138201.56568016973
33435,2020,9833,132428.49125350924
33435,2021,7455,133679.53582354946
33435,2022,9511,144073.98838428291
33435,2023,9310,148518.83272812222
33436,2015,7314,135964.9526113578
33436,2016,7202,142319.84570477952
33436,2017,7509,143850.83877633195
33436,2018,7433,145655.2853901821
33436,2019,7562,148464.97054446428
33436,2020,6370,142316.79802349006
33436,2021,7019,144265.0109505921
33436,2022,7015,154792.37277070837
33436,2023,7417,159958.49012050946
33437,2015,4023,129341.39940892888
33437,2016,4284,134853.7148689811
33437,2017,4141,136294.30081113832
33437,2018,4324,138255.7297743818
33437,2019,4340,140793.92742630557
33437,2020,4416,135243.677166184
33437,2021,4707,137534.0761715051
33437,2022,4742,147249.04068531343
33437,2023,5100,152121.8653731966
33438,2015,115,3014.2561197171017
33438,2016,90,3167.7954219603544
33438,2017,94,3235.4882202718204
33438,2018,131,3257.967175910895
33438,2019,148,3282.828602072159
33438,2020,134,3255.186438329239
33438,2021,138,3354.636906992358
33438,2022,147,3570.8635818106745
33438,2023,136,3711.0226342030182
33441,2015,12289,212504.69886139646
33441,2016,12247,216887.1663818824
33441,2017,13138,218539.76930352097
33441,2018,13410,223071.32274973928
33441,2019,14236,225701.13618800393
33441,2020,14326,217486.60710358788
33441,2021,13941,221099.51335758378
33441,2022,14355,234267.28460420464
33441,2023,14098,239518.45743793005
33442,2015,21636,231996.0984448071
33442,2016,22170,237051.54339158745
33442,2017,22274,239029.6422408895
33442,2018,23201,243771.30976330247
33442,2019,24089,246462.70891705577
33442,2020,24799,237040.79535123415
33442,2021,27135,241366.32365308612
33442,2022,28674,255501.4760947246
33442,2023,27082,261192.80108608457
33444,2015,9472,151083.79955802835
33444,2016,10060,156697.66596035764
33444,2017,9628,157705.21426368726
33444,2018,9949,160454.42166878236
33444,2019,9897,162628.79231870218
33444,2020,9640,155582.28365939757
33444,2021,10777,158164.2181065863
33444,2022,12034,171033.72520192657
33444,2023,12388,175416.84691370613
33445,2015,10018,158494.31954124858
33445,2016,11089,164134.20785492484
33445,2017,10772,165221.1659691282
33445,2018,10756,168049.63482294482
33445,2019,10718,170454.4149129613
33445,2020,10768,163160.89429305465
33445,2021,11002,165751.67680433253
33445,2022,12173,178794.83902809673
33445,2023,13045,183697.51786243654
33446,2015,7007,135797.35628503858
33446,2016,7253,140139.15752301126
33446,2017,7636,141549.59912508493
33446,2018,7459,143812.64206021154
33446,2019,7280,145759.5307432459
33446,2020,8043,139817.50712668762
33446,2021,8268,142232.4242587909
33446,2022,9141,152568.34098250204
33446,2023,9391,157035.92532985235
33449,2015,2418,90454.81290299312
33449,2016,2576,94150.69440654584
33449,2017,2647,95989.35314425411
33449,2018,2642,97397.40336370995
33449,2019,2721,99403.28822815753
33449,2020,2797,95898.46039379785
33449,2021,2823,97741.1877171932
33449,2022,2647,103662.81190788663
33449,2023,2816,107269.4006915891
33458,2015,20173,58156.85380818287
33458,2016,20616,60492.202872969756
33458,2017,21449,62087.43234874377
33458,2018,21836,62563.9849298315
33458,2019,22675,63559.671888214674
33458,2020,21904,62441.76263937507
33458,2021,22450,63333.786787326826
33458,2022,23192,67078.17615562196
33458,2023,23610,69648.69624480065
33460,2015,5683,135054.67992629856
33460,2016,5853,141811.60553897225
33460,2017,6366,144006.81995710425
33460,2018,6554,145871.11335100862
33460,2019,6226,149008.73052657838
33460,2020,5137,142866.8113611122
33460,2021,5206,144691.11427123894
33460,2022,5808,155683.7563018747
33460,2023,5956,160026.92112837243
33461,2015,11100,147161.63282560406
33461,2016,14210,154536.7092304755
33461,2017,14154,157061.35604015933
33461,2018,14091,159103.56955630978
33461,2019,14447,162819.236733209
33461,2020,13784,156240.36581324958
33461,2021,13510,158100.33673617386
33461,2022,14214,169114.92112171507
33461,2023,14968,174437.90679337102
33462,2015,10614,131946.1725424619
33462,2016,10545,138707.75621422014
33462,2017,10710,140668.43770571236
33462,2018,10426,142313.08775335233
33462,2019,11279,145332.1929053616
33462,2020,11238,139284.25751946395
33462,2021,10925,140844.7320879888
33462,2022,11134,151029.82861629297
33462,2023,12406,156012.10142774903
33463,2015,9160,136470.26400260357
33463,2016,8984,142883.37518435353
33463,2017,9323,145332.84379530052
33463,2018,9144,147137.3531819676
33463,2019,9310,150350.791177437
33463,2020,8673,144544.33547457596
33463,2021,8798,146566.35788264533
33463,2022,9327,156288.4470395611
33463,2023,10142,161817.78581887097
33467,2015,7479,119014.91705824027
33467,2016,7936,124171.18093607094
33467,2017,8268,126446.51031943089
33467,2018,8531,128245.12836935295
33467,2019,8409,130875.66973962831
33467,2020,9247,126231.97478169797
33467,2021,9827,128390.49993992371
33467,2022,9921,136462.4643857454
33467,2023,10376,141327.57977098032
33470,2015,5861,24543.703850137517
33470,2016,6754,25652.34096440378
33470,2017,7270,26399.616071815464
33470,2018,6883,26624.256351639997
33470,2019,7318,26981.801229373046
33470,2020,7554,26611.518583008194
33470,2021,8109,27305.737343672037
33470,2022,9244,29203.21275503239
33470,2023,9024,30089.32415928309
33472,2015,3034,110359.46253874445
33472,2016,2914,114954.38648638809
33472,2017,2884,116557.12653967361
33472,2018,2956,118245.23054593666
33472,2019,3457,120599.7648339331
33472,2020,3691,116211.74690022123
33472,2021,4152,118457.90460754285
33472,2022,4356,126243.46263375547
33472,2023,4122,130522.56972771577
33473,2015,1078,113895.44261026505
33473,2016,1167,118299.44555684549
33473,2017,1160,119665.1664580704
33473,2018,1244,121492.53779740554
33473,2019,1109,123584.1939702153
33473,2020,1015,118880.27578848865
33473,2021,1007,121118.78216797364
33473,2022,1167,129495.47099639429
33473,2023,1327,133622.99587083163
33476,2015,655,4973.043806246787
33476,2016,768,5439.233946467858
33476,2017,681,5404.187785668699
33476,2018,643,5442.849643508157
33476,2019,579,5430.543643450173
33476,2020,590,5485.112005560038
33476,2021,700,5713.191206654958
33476,2022,754,5885.070121737619
33476,2023,1108,6246.197286377502
33477,2015,5985,68021.95870280998
33477,2016,6685,70922.60898220786
33477,2017,6955,72680.00822583828
33477,2018,6617,73104.23925399555
33477,2019,6764,74150.58921430272
33477,2020,6121,72981.02042743353
33477,2021,6649,73928.80085348304
33477,2022,7262,78245.62837249764
33477,2023,7584,81284.34409307818
33478,2015,4432,28620.200658543123
33478,2016,6252,29649.600891473838
33478,2017,6394,30348.14929131955
33478,2018,5781,30589.525047164832
33478,2019,5957,30978.029786194424
33478,2020,6245,30616.560153402585
33478,2021,6739,31015.073197602083
33478,2022,6972,32952.16872419652
33478,2023,7709,34176.154186787695
33480,2015,11984,143969.02972885477
33480,2016,11953,149289.9728906491
33480,2017,12097,151331.1182702748
33480,2018,11776,153352.2341308346
33480,2019,12099,155680.94278316954
33480,2020,11523,151214.78658079193
33480,2021,13019,152841.7225914747
33480,2022,18527,164225.77297077182
33480,2023,16749,167995.56679054734
33483,2015,9741,139878.51506990523
33483,2016,9983,145173.86403474427
33483,2017,10147,146172.5933538336
33483,2018,10631,148638.81850937323
33483,2019,10659,150623.39239911194
33483,2020,9152,144063.62952827173
33483,2021,9416,146340.48138648382
33483,2022,11553,158421.45961242655
33483,2023,10478,162369.62648699412
33484,2015,7274,155842.15596807518
33484,2016,7266,161064.76198466663
33484,2017,7174,162352.79674785797
33484,2018,7530,165087.34459628287
33484,2019,7925,167554.2832171884
33484,2020,7004,160389.90130549227
33484,2021,6333,162921.02338245086
33484,2022,6459,175314.46257778472
33484,2023,6583,180239.81868097684
33486,2015,11031,214481.56375909853
33486,2016,11520,219050.31471830103
33486,2017,11304,220511.54050880892
33486,2018,11584,224905.91206021843
33486,2019,11935,227494.4330934962
33486,2020,11543,218328.6969289829
33486,2021,12065,221920.76087840035
33486,2022,12532,236383.24859239388
33486,2023,13424,242177.4892468133
33487,2015,32072,179713.84192026954
33487,2016,31391,184466.5307309616
33487,2017,31219,185732.65542688078
33487,2018,31910,189372.2424926562
33487,2019,32491,191405.61352050758
33487,2020,29979,182971.41955518723
33487,2021,30238,186238.01653405873
33487,2022,32793,200640.8766961437
33487,2023,32932,205438.86434247013
33493,2015,1926,3824.779505079255
33493,2016,2016,4153.824704999493
33493,2017,2022,4230.375267495612
33493,2018,1749,4276.144023239669
33493,2019,982,4273.218473238898
33493,2020,1909,4186.358603915008
33493,2021,1879,4362.482612507542
33493,2022,1830,4529.9697068596315
33493,2023,1025,4668.9319057023895
33496,2015,7165,173745.9881038618
33496,2016,7171,178087.85915938715
33496,2017,7848,179662.70196916256
33496,2018,7834,182841.0208158318
33496,2019,8452,185028.23741446296
33496,2020,6766,176884.66791000296
33496,2021,6909,179859.72962015666
33496,2022,7818,192874.829000341
33496,2023,7988,198117.7595901552
33498,2015,2581,146131.53322973195
33498,2016,2689,149939.88451600773
33498,2017,2771,151549.85851285816
33498,2018,2670,154150.70827738038
33498,2019,2475,155655.45553763624
33498,2020,2394,149141.92906647542
33498,2021,2571,151818.15686244314
33498,2022,2676,161884.09593970532
33498,2023,2953,166422.063934293
