ZCTA5CE,period,zori
38002,2016-03-31,1326.0076841261248
38002,2016-05-31,1305.0691174059182
38002,2016-06-30,1312.8033916885993
38002,2016-07-31,1325.770118320337
38002,2016-08-31,1332.856780002017
38002,2016-09-30,1334.7310064419314
38002,2016-10-31,1328.95056106988
38002,2016-11-30,1332.9669699253077
38002,2016-12-31,1321.3184770904984
38002,2017-01-31,1324.632525588838
38002,2017-02-28,1321.5212402178329
38002,2017-03-31,1327.493120147718
38002,2017-04-30,1322.893708733793
38002,2017-05-31,1336.1131702499624
38002,2017-06-30,1354.3904928714671
38002,2017-07-31,1367.408510765808
38002,2017-08-31,1374.3740835587305
38002,2017-09-30,1355.2204119938633
38002,2017-10-31,1353.9434054205126
38002,2017-11-30,1346.0779773698391
38002,2017-12-31,1358.4055445625568
38002,2018-01-31,1359.9737205260185
38002,2018-02-28,1363.010275069332
38002,2018-03-31,1383.7671042869742
38002,2018-04-30,1388.052726967409
38002,2018-05-31,1391.1740767830322
38002,2018-06-30,1389.5590782062177
38002,2018-07-31,1397.1890965899922
38002,2018-08-31,1400.0288545964706
38002,2018-09-30,1397.3119125743508
38002,2018-10-31,1403.2905934561552
38002,2018-11-30,1398.6828110348915
38002,2018-12-31,1395.8794516391174
38002,2019-01-31,1394.8003257650416
38002,2019-02-28,1394.0897778911856
38002,2019-03-31,1405.0872812879118
38002,2019-04-30,1423.2667509279306
38002,2019-05-31,1457.146658462999
38002,2019-06-30,1477.4487129309612
38002,2019-07-31,1479.5035542319335
38002,2019-08-31,1480.1840033218025
38002,2019-09-30,1462.6063428586751
38002,2019-10-31,1453.064832823543
38002,2019-11-30,1450.1437090344348
38002,2019-12-31,1449.8266851620083
38002,2020-01-31,1455.6702101926066
38002,2020-02-29,1465.407703016906
38002,2020-03-31,1492.7310748582286
38002,2020-04-30,1500.518304940019
38002,2020-05-31,1522.2135768138437
38002,2020-06-30,1539.3887849003438
38002,2020-07-31,1561.4606754199226
38002,2020-08-31,1573.07645105121
38002,2020-09-30,1569.3439360518255
38002,2020-10-31,1600.054030779582
38002,2020-11-30,1615.744859526949
38002,2020-12-31,1637.5418750645504
38002,2021-01-31,1648.8617123781492
38002,2021-02-28,1661.8139322275035
38002,2021-03-31,1674.5336487828909
38002,2021-04-30,1671.0704010376066
38002,2021-05-31,1675.1227294823584
38002,2021-06-30,1702.3102797064114
38002,2021-07-31,1760.273305723313
38002,2021-08-31,1786.2574846738803
38002,2021-09-30,1785.4886861344066
38002,2021-10-31,1748.5267803269164
38002,2021-11-30,1758.8683533934338
38002,2021-12-31,1776.9658585251514
38002,2022-01-31,1814.3933892899192
38002,2022-02-28,1815.357278084081
38002,2022-03-31,1821.4618349893824
38002,2022-04-30,1822.3909979926088
38002,2022-05-31,1837.2562069489024
38002,2022-06-30,1866.598348508892
38002,2022-07-31,1890.6011121272252
38002,2022-08-31,1940.468331002705
38002,2022-09-30,1939.5242677174797
38002,2022-10-31,1908.7602832350808
38002,2022-11-30,1840.87161235382
38002,2022-12-31,1843.824658522999
38002,2023-01-31,1839.0312838196016
38002,2023-02-28,1877.495562755839
38002,2023-03-31,1898.7678885204648
38002,2023-04-30,1924.681069774018
38002,2023-05-31,1945.418546926789
38002,2023-06-30,1939.9041041801256
38002,2023-07-31,1981.9753478218784
38002,2023-08-31,1979.5728592143128
38002,2023-09-30,1972.1180063330032
38002,2023-10-31,1907.7347447714135
38002,2023-11-30,1885.834756992208
38002,2023-12-31,1905.4204494276196
38002,2024-01-31,1965.0995879067077
38002,2024-02-29,1989.9221750189035
38002,2024-03-31,1992.1328923881113
38002,2024-04-30,1978.8492129613392
38002,2024-05-31,1999.7623400688487
38002,2024-06-30,2016.6741445531327
38002,2024-07-31,2033.8231823996991
38002,2024-08-31,2022.018531564062
38002,2024-09-30,2002.9118355314208
38002,2024-10-31,2001.996736503229
38002,2024-11-30,2003.8235194996912
38002,2024-12-31,1994.971465026072
38002,2025-01-31,1984.2417876029265
38002,2025-02-28,2011.2899900590612
38002,2025-03-31,2047.4498120759076
38002,2025-04-30,2076.8553875556936
38002,2025-05-31,2076.1954019710065
38002,2025-06-30,2095.7254100877035
38002,2025-07-31,2074.81903660817
38002,2025-08-31,2082.417972794535
38002,2025-09-30,2106.4741521390783
38002,2025-10-31,2147.666190752913
38002,2025-11-30,2147.5364552738315
38002,2025-12-31,2113.511328038896
38002,2026-01-31,2098.568911072148
38002,2026-02-28,2082.04188766796
38002,2026-03-31,2092.977798053926
38002,2026-04-30,2090.06722885962
38002,2026-05-31,2102.6780853949017
38002,2026-06-30,2100.500992063492
38016,2015-01-31,1043.7765359246814
38016,2015-02-28,1046.590816807807
38016,2015-03-31,1041.9020266214425
38016,2015-04-30,1049.4014030583296
38016,2015-05-31,1052.1684728429325
38016,2015-06-30,1054.1443819551791
38016,2015-07-31,1047.7987393070637
38016,2015-08-31,1050.5441630748498
38016,2015-09-30,1048.958244645823
38016,2015-10-31,1048.1988048790477
38016,2015-11-30,1046.0519524047645
38016,2015-12-31,1048.626862618155
38016,2016-01-31,1053.5493360198195
38016,2016-02-29,1056.7216174283665
38016,2016-03-31,1063.6626953533946
38016,2016-04-30,1069.9995800996412
38016,2016-05-31,1075.8698420496094
38016,2016-06-30,1077.5362829080498
38016,2016-07-31,1072.591364054177
38016,2016-08-31,1070.305327238368
38016,2016-09-30,1059.2396510777623
38016,2016-10-31,1056.394630190855
38016,2016-11-30,1051.647715477678
38016,2016-12-31,1057.5008131293018
38016,2017-01-31,1070.1832334910764
38016,2017-02-28,1068.2034320533696
38016,2017-03-31,1078.617422372408
38016,2017-04-30,1074.369803517567
38016,2017-05-31,1089.2951426142536
38016,2017-06-30,1079.602099917594
38016,2017-07-31,1088.0364953618737
38016,2017-08-31,1085.0366504757556
38016,2017-09-30,1096.4721341098866
38016,2017-10-31,1091.386499507846
38016,2017-11-30,1085.9885564292963
38016,2017-12-31,1085.1976744428991
38016,2018-01-31,1085.621769135799
38016,2018-02-28,1096.645635294557
38016,2018-03-31,1103.3031573644184
38016,2018-04-30,1104.9564099289703
38016,2018-05-31,1108.2883692080943
38016,2018-06-30,1108.8991827170369
38016,2018-07-31,1120.2690982807264
38016,2018-08-31,1115.224252179949
38016,2018-09-30,1106.944887128382
38016,2018-10-31,1091.680256155355
38016,2018-11-30,1100.230978243697
38016,2018-12-31,1107.74358463059
38016,2019-01-31,1122.1321318825355
38016,2019-02-28,1125.044473348164
38016,2019-03-31,1133.0818689560983
38016,2019-04-30,1134.9300396953872
38016,2019-05-31,1141.452239741951
38016,2019-06-30,1143.7314804250568
38016,2019-07-31,1148.7846911597655
38016,2019-08-31,1146.1592477809263
38016,2019-09-30,1144.102478723766
38016,2019-10-31,1141.8301244428342
38016,2019-11-30,1137.3568947120573
38016,2019-12-31,1142.1715847512353
38016,2020-01-31,1150.6287934969882
38016,2020-02-29,1167.0690096773087
38016,2020-03-31,1175.5366721711969
38016,2020-04-30,1178.9470840529148
38016,2020-05-31,1179.8832770640968
38016,2020-06-30,1193.560106230642
38016,2020-07-31,1217.8637463932516
38016,2020-08-31,1234.9232289878794
38016,2020-09-30,1247.508578123444
38016,2020-10-31,1255.9736423419772
38016,2020-11-30,1269.0855332586173
38016,2020-12-31,1273.9836102451734
38016,2021-01-31,1273.3241875882231
38016,2021-02-28,1282.896058157378
38016,2021-03-31,1295.2314408934851
38016,2021-04-30,1313.0235687229283
38016,2021-05-31,1332.481316747119
38016,2021-06-30,1358.2872475142635
38016,2021-07-31,1380.2729416040463
38016,2021-08-31,1405.825959285798
38016,2021-09-30,1415.6072080692086
38016,2021-10-31,1423.4657994896015
38016,2021-11-30,1416.7755534571
38016,2021-12-31,1413.019660155728
38016,2022-01-31,1422.7211854872958
38016,2022-02-28,1424.527623561498
38016,2022-03-31,1443.8122259117906
38016,2022-04-30,1439.6847678329752
38016,2022-05-31,1456.7668971787937
38016,2022-06-30,1480.3517035167658
38016,2022-07-31,1501.5031068351632
38016,2022-08-31,1505.61267527405
38016,2022-09-30,1496.7124677304669
38016,2022-10-31,1495.8017830049514
38016,2022-11-30,1479.9581047223735
38016,2022-12-31,1452.014068896421
38016,2023-01-31,1457.068265679024
38016,2023-02-28,1469.0631584786015
38016,2023-03-31,1504.1579753439985
38016,2023-04-30,1524.1097981872254
38016,2023-05-31,1547.9410191162858
38016,2023-06-30,1558.4232038987698
38016,2023-07-31,1561.601002506624
38016,2023-08-31,1549.6678707650383
38016,2023-09-30,1523.178112159622
38016,2023-10-31,1502.5795605598082
38016,2023-11-30,1500.444755267153
38016,2023-12-31,1511.3123034988237
38016,2024-01-31,1505.092166378935
38016,2024-02-29,1505.208535685065
38016,2024-03-31,1517.5296624636271
38016,2024-04-30,1535.200359726222
38016,2024-05-31,1553.2058618441552
38016,2024-06-30,1565.9984010950225
38016,2024-07-31,1581.8272810957596
38016,2024-08-31,1596.02281768386
38016,2024-09-30,1577.3805271932322
38016,2024-10-31,1563.4964417995548
38016,2024-11-30,1536.226048816331
38016,2024-12-31,1517.324705018902
38016,2025-01-31,1520.6624813514825
38016,2025-02-28,1533.6833179943544
38016,2025-03-31,1580.591827511036
38016,2025-04-30,1595.359157888505
38016,2025-05-31,1599.6801126436828
38016,2025-06-30,1591.0141844170655
38016,2025-07-31,1586.7969457425029
38016,2025-08-31,1606.505875115243
38016,2025-09-30,1607.7165262880512
38016,2025-10-31,1595.7707616925115
38016,2025-11-30,1548.651212291332
38016,2025-12-31,1528.7940455558896
38016,2026-01-31,1527.7064385534122
38016,2026-02-28,1546.0171526730844
38016,2026-03-31,1553.4889542040323
38016,2026-04-30,1555.1049152368462
38016,2026-05-31,1569.1991823232247
38016,2026-06-30,1575.6812245269996
38017,2021-05-31,1594.8563491637417
38017,2021-06-30,1615.4201851156129
38017,2021-07-31,1606.2790837451998
38017,2021-08-31,1607.1062950102776
38017,2021-09-30,1628.4343729236653
38017,2021-10-31,1673.3411460316752
38017,2021-12-31,1691.559180341084
38017,2022-01-31,1694.5004198921588
38017,2022-02-28,1745.863392588406
38017,2022-03-31,1755.7180922791013
38017,2022-04-30,1771.922842646158
38017,2022-05-31,1770.8294195561975
38017,2022-06-30,1795.1093808956202
38017,2022-07-31,1804.8684724699915
38017,2022-08-31,1790.2836036865942
38017,2022-09-30,1779.584066330881
38017,2022-10-31,1786.6734570581773
38017,2022-11-30,1824.529939069956
38017,2022-12-31,1857.775266302555
38017,2023-01-31,1846.5372340600636
38017,2023-02-28,1836.385811478638
38017,2023-03-31,1826.6685038571889
38017,2023-04-30,1847.2520044073297
38017,2023-05-31,1846.994224847206
38017,2023-06-30,1855.4499116984837
38017,2023-07-31,1863.4049498454651
38017,2023-08-31,1854.753008568767
38017,2023-09-30,1834.1647957420364
38017,2023-10-31,1838.3472158955085
38017,2023-11-30,1837.025796048073
38017,2023-12-31,1859.4047562474016
38017,2024-01-31,1848.6084318173685
38017,2024-02-29,1880.1791131506843
38017,2024-03-31,1877.1520157550035
38017,2024-04-30,1879.597971392496
38017,2024-05-31,1880.9953137881312
38017,2024-06-30,1888.7371821911584
38017,2024-07-31,1905.740929859143
38017,2024-08-31,1897.1675557155563
38017,2024-09-30,1911.666051626551
38017,2024-10-31,1903.165575629668
38017,2024-11-30,1905.8617472521653
38017,2024-12-31,1886.638247934577
38017,2025-01-31,1901.6844814728383
38017,2025-02-28,1910.7474247069224
38017,2025-03-31,1936.358920190661
38017,2025-04-30,1949.309107037541
38017,2025-05-31,1952.4783081257124
38017,2025-06-30,1937.7881769915684
38017,2025-07-31,1920.1665342028791
38017,2025-08-31,1913.5356840314105
38017,2025-09-30,1904.30038958607
38017,2025-10-31,1879.79841894992
38017,2025-11-30,1872.2256343020392
38017,2025-12-31,1878.528494077778
38017,2026-01-31,1871.171790247964
38017,2026-02-28,1860.8193733209264
38017,2026-03-31,1873.2284821033752
38017,2026-04-30,1922.01906193977
38017,2026-05-31,1949.8863336576144
38017,2026-06-30,1942.881035923141
38018,2015-01-31,1079.1728053887032
38018,2015-02-28,1073.2584936431688
38018,2015-03-31,1079.9199614077045
38018,2015-04-30,1080.152061757581
38018,2015-05-31,1082.002840126277
38018,2015-06-30,1076.3478786566986
38018,2015-07-31,1065.1098172654931
38018,2015-08-31,1073.2029953071528
38018,2015-09-30,1074.8566320149555
38018,2015-10-31,1072.3413185677216
38018,2015-11-30,1064.557713685526
38018,2015-12-31,1072.4107272382837
38018,2016-01-31,1086.8760679438617
38018,2016-02-29,1089.6538620630383
38018,2016-03-31,1090.2100595476034
38018,2016-04-30,1093.7084591456298
38018,2016-05-31,1098.1008528798218
38018,2016-06-30,1097.707339194634
38018,2016-07-31,1092.1179476972136
38018,2016-08-31,1097.1342923859372
38018,2016-09-30,1101.1716891450085
38018,2016-10-31,1109.053935867821
38018,2016-11-30,1108.2304356617358
38018,2016-12-31,1103.1444837714007
38018,2017-01-31,1094.2153784559302
38018,2017-02-28,1087.331344743108
38018,2017-03-31,1097.2839750114413
38018,2017-04-30,1105.443552990077
38018,2017-05-31,1114.9250451175776
38018,2017-06-30,1108.6956585274904
38018,2017-07-31,1102.6567584748643
38018,2017-08-31,1113.2598354600111
38018,2017-09-30,1123.064123038077
38018,2017-10-31,1135.1663329110804
38018,2017-11-30,1130.3675340087143
38018,2017-12-31,1118.9388773406722
38018,2018-01-31,1118.6029745746418
38018,2018-02-28,1118.9549382801276
38018,2018-03-31,1135.174312937841
38018,2018-04-30,1147.1779371402374
38018,2018-05-31,1150.9858912682034
38018,2018-06-30,1159.641219831466
38018,2018-07-31,1156.233510965297
38018,2018-08-31,1164.440504488792
38018,2018-09-30,1156.0631982548252
38018,2018-10-31,1159.4373743693425
38018,2018-11-30,1160.316444518571
38018,2018-12-31,1160.7227777634814
38018,2019-01-31,1152.6402475545628
38018,2019-02-28,1153.3400132018007
38018,2019-03-31,1165.9506497873876
38018,2019-04-30,1180.186453338606
38018,2019-05-31,1186.83923836979
38018,2019-06-30,1192.2993179699013
38018,2019-07-31,1201.3576800796152
38018,2019-08-31,1211.684255239133
38018,2019-09-30,1213.0586383527695
38018,2019-10-31,1205.853666765259
38018,2019-11-30,1196.9796940249605
38018,2019-12-31,1197.1034295028016
38018,2020-01-31,1204.844533081423
38018,2020-02-29,1215.6687403809854
38018,2020-03-31,1229.053455521976
38018,2020-04-30,1251.6385115276692
38018,2020-05-31,1260.4930753683352
38018,2020-06-30,1267.0441991636728
38018,2020-07-31,1271.1306948019928
38018,2020-08-31,1290.642928438872
38018,2020-09-30,1310.7019685854405
38018,2020-10-31,1326.566937793602
38018,2020-11-30,1350.5603412487417
38018,2020-12-31,1363.0413007672269
38018,2021-01-31,1373.7097918668535
38018,2021-02-28,1370.7001735170927
38018,2021-03-31,1388.9162266875912
38018,2021-04-30,1418.9403426784183
38018,2021-05-31,1443.3832029952237
38018,2021-06-30,1478.5850892391577
38018,2021-07-31,1501.5638328624966
38018,2021-08-31,1536.0846153972466
38018,2021-09-30,1535.2236593815142
38018,2021-10-31,1538.6839492600084
38018,2021-11-30,1522.2947766625148
38018,2021-12-31,1529.4886961292427
38018,2022-01-31,1525.8359490029086
38018,2022-02-28,1546.075021026984
38018,2022-03-31,1559.1184350906155
38018,2022-04-30,1562.295173844024
38018,2022-05-31,1567.547829442174
38018,2022-06-30,1573.4605446722278
38018,2022-07-31,1579.3156145499236
38018,2022-08-31,1561.2062322559457
38018,2022-09-30,1544.524091200902
38018,2022-10-31,1537.0554071316024
38018,2022-11-30,1541.9850243322692
38018,2022-12-31,1561.4586517371702
38018,2023-01-31,1587.3000272629686
38018,2023-02-28,1622.4206692213947
38018,2023-03-31,1614.4091238764577
38018,2023-04-30,1621.5435633924938
38018,2023-05-31,1616.5315707205252
38018,2023-06-30,1624.3650210795197
38018,2023-07-31,1607.0746328520402
38018,2023-08-31,1595.449953132989
38018,2023-09-30,1566.4067981315077
38018,2023-10-31,1552.7363632883903
38018,2023-11-30,1544.7412551419195
38018,2023-12-31,1564.498416051495
38018,2024-01-31,1598.6896370687869
38018,2024-02-29,1611.937325001354
38018,2024-03-31,1630.572721267917
38018,2024-04-30,1623.7815356806798
38018,2024-05-31,1617.1431148670845
38018,2024-06-30,1607.145955706396
38018,2024-07-31,1604.972162003529
38018,2024-08-31,1624.2131340670965
38018,2024-09-30,1631.501186499887
38018,2024-10-31,1632.0194110571788
38018,2024-11-30,1622.928071615633
38018,2024-12-31,1606.4994691541426
38018,2025-01-31,1627.109019462276
38018,2025-02-28,1644.246799503355
38018,2025-03-31,1671.2785413769116
38018,2025-04-30,1684.0594255328426
38018,2025-05-31,1690.6832940002514
38018,2025-06-30,1703.8872362880927
38018,2025-07-31,1684.4593480552617
38018,2025-08-31,1677.5933217736858
38018,2025-09-30,1675.7120160807826
38018,2025-10-31,1667.1172139071582
38018,2025-11-30,1660.4567651130794
38018,2025-12-31,1645.4374935509793
38018,2026-01-31,1679.0711869048794
38018,2026-02-28,1705.379578750479
38018,2026-03-31,1734.2082090386994
38018,2026-04-30,1729.0588768508635
38018,2026-05-31,1713.819081277597
38018,2026-06-30,1700.2113717823397
38053,2023-03-31,1431.866196660934
38053,2023-04-30,1404.4662108175387
38053,2023-05-31,1413.199810544277
38053,2023-06-30,1425.3755547108196
38053,2023-07-31,1442.58339684125
38053,2023-08-31,1452.6836100163505
38053,2023-09-30,1449.9449201204889
38053,2023-10-31,1456.7047332675422
38053,2023-11-30,1469.129473215686
38053,2023-12-31,1448.8756800540689
38053,2024-01-31,1442.9958546115083
38053,2024-02-29,1452.7519111777185
38053,2024-03-31,1482.8138547184665
38053,2024-04-30,1504.9911622493803
38053,2024-05-31,1507.5409787066194
38053,2024-06-30,1517.395632598494
38053,2024-07-31,1518.4049802634047
38053,2024-08-31,1551.005012455355
38053,2024-09-30,1571.9844394912093
38053,2024-10-31,1582.2682681881
38053,2024-11-30,1559.389061394493
38053,2024-12-31,1536.5699276613036
38053,2025-01-31,1534.2063641020163
38053,2025-02-28,1534.586312742509
38053,2025-03-31,1551.3984645651203
38053,2025-04-30,1549.3709087912732
38053,2025-05-31,1545.735347086602
38053,2025-06-30,1553.510417290143
38053,2025-07-31,1610.1766633020711
38053,2025-08-31,1626.674702775872
38053,2025-09-30,1637.763594860863
38053,2025-10-31,1609.6892204200403
38053,2025-11-30,1602.7985847513191
38053,2025-12-31,1593.0898986788827
38053,2026-01-31,1580.9452977901592
38053,2026-02-28,1592.2746677254838
38053,2026-03-31,1586.9906257297528
38053,2026-04-30,1601.4223411606777
38053,2026-05-31,1596.9971991777384
38053,2026-06-30,1624.6666666666667
38060,2022-11-30,1846.1833801202276
38060,2022-12-31,1799.672660069256
38060,2023-01-31,1804.722628157908
38060,2023-02-28,1843.3823296554872
38060,2023-03-31,1879.7010358671453
38060,2023-04-30,1929.470604431802
38060,2023-05-31,1923.93802879832
38060,2023-06-30,1988.5336078474545
38060,2023-07-31,1969.6512963781088
38060,2023-08-31,2015.888655261108
38060,2023-09-30,1951.7970450150665
38060,2023-10-31,1909.1158706188855
38060,2023-11-30,1824.146009149908
38060,2023-12-31,1852.1899342307809
38060,2024-01-31,1902.630700165392
38060,2024-02-29,1956.296578539768
38060,2024-03-31,1978.8247693464225
38060,2024-04-30,1972.1904607133704
38060,2024-05-31,1982.8766545005292
38060,2024-06-30,2015.876434053357
38060,2024-07-31,2059.2396276463865
38060,2024-08-31,2057.576942476369
38060,2024-09-30,2016.8288976774445
38060,2024-10-31,2000.4004513069876
38060,2024-11-30,2004.3331719520545
38060,2024-12-31,2014.4017367479244
38060,2025-01-31,2068.1563110550505
38060,2025-02-28,2065.8997293730617
38060,2025-03-31,2085.280531160159
38060,2025-04-30,2013.9348331596043
38060,2025-05-31,2065.238982166157
38060,2025-06-30,2061.144734794126
38060,2025-07-31,2140.772790988452
38060,2025-08-31,2134.167144074151
38060,2025-09-30,2095.0807247666735
38060,2025-10-31,2043.1478791832349
38060,2025-11-30,1999.864152979329
38060,2025-12-31,2049.108468709364
38060,2026-01-31,2037.015054559537
38060,2026-02-28,2039.7162454833176
38060,2026-03-31,2086.8325876137415
38060,2026-04-30,2128.027015954143
38060,2026-05-31,2182.141525812119
38060,2026-06-30,2125.222222222222
38068,2026-05-31,1929.8565400594791
38068,2026-06-30,2051.166666666667
38103,2017-10-31,1218.0514540586514
38103,2017-11-30,1231.4835450840094
38103,2017-12-31,1231.767571828707
38103,2018-01-31,1226.009113761205
38103,2018-02-28,1212.1352093006178
38103,2018-03-31,1208.8771542540628
38103,2018-04-30,1228.9823124306113
38103,2018-05-31,1232.1818119439124
38103,2018-06-30,1237.1604277670265
38103,2018-07-31,1245.7357242790486
38103,2018-08-31,1255.2961670889474
38103,2018-09-30,1254.769486264894
38103,2018-10-31,1251.4593438333145
38103,2018-11-30,1255.730238321741
38103,2018-12-31,1256.8614930015449
38103,2019-01-31,1260.6984771573268
38103,2019-02-28,1258.079359049084
38103,2019-03-31,1281.1897872361849
38103,2019-04-30,1272.6856828007292
38103,2019-05-31,1292.427241107181
38103,2019-06-30,1285.5698583814712
38103,2019-07-31,1304.9073928321577
38103,2019-08-31,1302.9674584516229
38103,2019-09-30,1281.7305531517654
38103,2019-10-31,1282.9857668286224
38103,2019-11-30,1255.43279808301
38103,2019-12-31,1265.7595819738317
38103,2020-01-31,1265.783708351136
38103,2020-02-29,1302.819532062959
38103,2020-04-30,1313.720874466463
38103,2020-05-31,1295.463808136153
38103,2020-06-30,1302.9933809828171
38103,2020-07-31,1326.7135343637626
38103,2020-08-31,1354.78648365228
38103,2020-09-30,1353.6081658618218
38103,2020-10-31,1360.2612898367024
38103,2020-11-30,1354.096328029147
38103,2020-12-31,1352.5297600212268
38103,2021-01-31,1356.7958371607258
38103,2021-02-28,1361.2262754484768
38103,2021-03-31,1378.300213367385
38103,2021-04-30,1381.4172316146378
38103,2021-05-31,1410.2510908531196
38103,2021-06-30,1443.0423482734898
38103,2021-07-31,1476.1212168628465
38103,2021-08-31,1498.5307253400324
38103,2021-09-30,1512.5072101581277
38103,2021-10-31,1519.385594078014
38103,2021-11-30,1525.057507884697
38103,2021-12-31,1515.783142460476
38103,2022-01-31,1516.0907767630044
38103,2022-02-28,1498.0150670109326
38103,2022-03-31,1508.987658624063
38103,2022-04-30,1524.2187071345004
38103,2022-05-31,1561.778715495784
38103,2022-06-30,1583.5256474708162
38103,2022-07-31,1592.4377475193508
38103,2022-08-31,1573.4915342441618
38103,2022-09-30,1572.4360776067592
38103,2022-10-31,1543.385888788065
38103,2022-11-30,1543.0161608487956
38103,2022-12-31,1518.075733513101
38103,2023-01-31,1525.1034087639557
38103,2023-02-28,1513.9866172366226
38103,2023-03-31,1527.7477683803006
38103,2023-04-30,1544.8069529821855
38103,2023-05-31,1561.306753624057
38103,2023-06-30,1557.7460013863265
38103,2023-07-31,1565.0784597020386
38103,2023-08-31,1560.935336875501
38103,2023-09-30,1555.6896082038234
38103,2023-10-31,1538.5656829289226
38103,2023-11-30,1514.4460903636582
38103,2023-12-31,1517.9125450156491
38103,2024-01-31,1512.0151741296727
38103,2024-02-29,1518.7205332710948
38103,2024-03-31,1510.3523146030518
38103,2024-04-30,1523.4592518867755
38103,2024-05-31,1539.942305163757
38103,2024-06-30,1556.98216261274
38103,2024-07-31,1541.471381332699
38103,2024-08-31,1540.8572932408686
38103,2024-09-30,1526.137182425685
38103,2024-10-31,1517.8002317288774
38103,2024-11-30,1486.398687686641
38103,2024-12-31,1475.159123108526
38103,2025-01-31,1471.3216033374565
38103,2025-02-28,1476.6951067418852
38103,2025-03-31,1469.0099291362417
38103,2025-04-30,1479.4399282957093
38103,2025-05-31,1499.5813012656406
38103,2025-06-30,1541.676306340419
38103,2025-07-31,1564.3864428618626
38103,2025-08-31,1569.539683164984
38103,2025-09-30,1546.848388376224
38103,2025-10-31,1515.8226501673955
38103,2025-11-30,1520.3168598822344
38103,2025-12-31,1552.4729185712138
38103,2026-01-31,1568.9196552596893
38103,2026-02-28,1575.6639039330096
38103,2026-03-31,1551.291939466504
38103,2026-04-30,1549.4242790455376
38103,2026-05-31,1545.359138045914
38103,2026-06-30,1557.1635654261706
38104,2016-01-31,765.7050306096019
38104,2016-02-29,785.5904586846383
38104,2016-03-31,803.3885323029444
38104,2016-04-30,824.9003687134726
38104,2016-05-31,817.4530019616295
38104,2016-06-30,842.2185695430334
38104,2016-07-31,848.6708034609611
38104,2016-08-31,852.3591699090624
38104,2016-09-30,839.7983141342419
38104,2016-10-31,849.0153862156938
38104,2016-11-30,843.566845145597
38104,2016-12-31,852.8820446085479
38104,2017-01-31,824.8537610031589
38104,2017-02-28,835.2605245207021
38104,2017-03-31,840.4169472485128
38104,2017-04-30,861.6392039186335
38104,2017-05-31,861.4565586511601
38104,2017-06-30,864.3908147326472
38104,2017-07-31,880.8381553026721
38104,2017-08-31,901.2124035430718
38104,2017-09-30,885.8546195413332
38104,2017-10-31,879.982739040725
38104,2017-11-30,873.1445111940873
38104,2017-12-31,890.6691237168307
38104,2018-01-31,902.146960202921
38104,2018-02-28,920.3309716216804
38104,2018-03-31,926.6794315355854
38104,2018-04-30,930.6771069869556
38104,2018-05-31,920.88947738684
38104,2018-06-30,922.8568614851343
38104,2018-07-31,921.854802820788
38104,2018-08-31,925.2895659558056
38104,2018-09-30,943.2292815364108
38104,2018-10-31,936.5286443870708
38104,2018-11-30,957.1455306429444
38104,2018-12-31,943.1646981449336
38104,2019-01-31,960.0640847274802
38104,2019-02-28,954.198627739441
38104,2019-03-31,968.1421519820268
38104,2019-04-30,964.9614316501109
38104,2019-05-31,967.000947521262
38104,2019-06-30,970.3994081997082
38104,2019-07-31,982.6796090086876
38104,2019-08-31,977.2507145955173
38104,2019-09-30,971.2187689880044
38104,2019-10-31,962.7365697279856
38104,2019-11-30,950.9605148878508
38104,2019-12-31,964.6820264372934
38104,2020-01-31,974.9054562095906
38104,2020-02-29,991.004545237484
38104,2020-03-31,1008.9535405088868
38104,2020-04-30,1014.6946171967488
38104,2020-05-31,1048.5745779614508
38104,2020-06-30,1043.9253211218854
38104,2020-07-31,1053.2146389442944
38104,2020-08-31,1043.4933036353625
38104,2020-09-30,1048.8196681696793
38104,2020-10-31,1043.7663036070285
38104,2020-11-30,1051.504293751515
38104,2020-12-31,1053.5018952189068
38104,2021-01-31,1076.9169417868918
38104,2021-02-28,1080.0148050335767
38104,2021-03-31,1092.8915502567716
38104,2021-04-30,1101.2758771057347
38104,2021-05-31,1116.2579378226571
38104,2021-06-30,1130.2113305247517
38104,2021-07-31,1134.827734559525
38104,2021-08-31,1146.5957427132137
38104,2021-09-30,1173.4395423028318
38104,2021-10-31,1186.6421369735842
38104,2021-11-30,1201.0196987960032
38104,2021-12-31,1196.701516244583
38104,2022-01-31,1197.6071687645583
38104,2022-02-28,1186.3831840351577
38104,2022-03-31,1182.5323518042612
38104,2022-04-30,1181.75254262702
38104,2022-05-31,1206.7942526725926
38104,2022-06-30,1221.2742628675228
38104,2022-07-31,1238.126669373081
38104,2022-08-31,1232.3587166902507
38104,2022-09-30,1218.8785476687815
38104,2022-10-31,1222.6029682018077
38104,2022-11-30,1286.3905029392197
38104,2022-12-31,1324.620954855139
38104,2023-01-31,1353.949005134254
38104,2023-02-28,1304.6293007572306
38104,2023-03-31,1296.759651865273
38104,2023-04-30,1270.6280238701645
38104,2023-05-31,1262.8809058311317
38104,2023-06-30,1256.762264631916
38104,2023-07-31,1268.026927473534
38104,2023-08-31,1269.5923210566225
38104,2023-09-30,1259.459129863693
38104,2023-10-31,1245.4954949764185
38104,2023-11-30,1241.2188534742984
38104,2023-12-31,1260.1646903114
38104,2024-01-31,1280.3226520747037
38104,2024-02-29,1297.751948989261
38104,2024-03-31,1284.0704117114228
38104,2024-04-30,1283.2246705568798
38104,2024-05-31,1276.2123321204526
38104,2024-06-30,1280.1789098408065
38104,2024-07-31,1285.4803748983595
38104,2024-08-31,1283.833977366317
38104,2024-09-30,1280.1337780366491
38104,2024-10-31,1275.3457996859524
38104,2024-11-30,1272.709990005411
38104,2024-12-31,1271.3940051116624
38104,2025-01-31,1259.193423988321
38104,2025-02-28,1261.0748343512248
38104,2025-03-31,1272.248809798463
38104,2025-04-30,1279.211666528769
38104,2025-05-31,1287.411317461611
38104,2025-06-30,1276.286651283823
38104,2025-07-31,1271.5983834938954
38104,2025-08-31,1246.0230801342966
38104,2025-09-30,1241.7120844540675
38104,2025-10-31,1235.7468977207732
38104,2025-11-30,1246.436011337281
38104,2025-12-31,1262.1907485828117
38104,2026-01-31,1272.8348307698295
38104,2026-02-28,1282.8851073529138
38104,2026-03-31,1268.8303998229844
38104,2026-04-30,1261.734085727364
38104,2026-05-31,1260.8377730004568
38104,2026-06-30,1273.209505541347
38105,2026-04-30,1140.464442304228
38105,2026-05-31,1122.9315173698246
38105,2026-06-30,1115.0304232804233
38106,2022-10-31,713.2753490158985
38106,2022-11-30,697.8277309315233
38106,2022-12-31,693.4734317894411
38106,2023-01-31,702.2697243055201
38106,2023-02-28,716.3451829085625
38106,2023-03-31,719.5176197482405
38106,2023-04-30,715.7485825554304
38106,2023-05-31,714.4390731121326
38106,2023-06-30,718.0430966869393
38106,2023-07-31,725.4511218236379
38106,2023-08-31,753.875752261742
38106,2023-09-30,739.8951769273689
38106,2023-10-31,757.1768088580649
38106,2023-11-30,761.131648283767
38106,2023-12-31,779.8238589196906
38106,2024-01-31,784.4160194908924
38106,2024-02-29,779.6469322293849
38106,2024-03-31,802.1904277873939
38106,2024-04-30,817.7161842234888
38106,2024-05-31,829.7072541610121
38106,2024-06-30,839.072348973102
38106,2024-07-31,827.0482714164667
38106,2024-08-31,841.6850954480619
38106,2024-09-30,813.5236182938412
38106,2024-10-31,815.4027968585307
38106,2024-11-30,806.2374510940016
38106,2024-12-31,811.2718317386522
38106,2025-01-31,832.0133137595295
38106,2025-02-28,843.503100921265
38106,2025-03-31,862.0713762586458
38106,2025-04-30,857.0029281072433
38106,2025-05-31,863.7170758776706
38106,2025-06-30,866.6965533186731
38106,2025-07-31,868.5481584030231
38106,2025-08-31,853.0322126361091
38106,2025-09-30,853.1500251848145
38106,2025-10-31,855.7351756319624
38106,2025-11-30,856.248707116284
38106,2025-12-31,852.0919771169
38106,2026-01-31,839.3516093646563
38106,2026-02-28,846.3561241861669
38106,2026-03-31,841.2197963498792
38106,2026-04-30,857.5883149169209
38106,2026-05-31,863.5450878674263
38106,2026-06-30,873.6984126984127
38107,2022-11-30,1104.7582031909442
38107,2022-12-31,1106.7580800473056
38107,2023-01-31,1117.3463852077086
38107,2023-02-28,1111.6058628367532
38107,2023-03-31,1122.5800354564965
38107,2023-04-30,1126.8659737244689
38107,2023-05-31,1116.765101018148
38107,2023-06-30,1117.9345537067122
38107,2023-07-31,1137.5075316712876
38107,2023-08-31,1155.725378425433
38107,2023-09-30,1147.1536420595917
38107,2023-10-31,1142.026843559256
38107,2023-11-30,1140.8911426955058
38107,2023-12-31,1176.2511951733811
38107,2024-01-31,1183.490340481833
38107,2024-02-29,1184.0231786267148
38107,2024-03-31,1161.9941849826553
38107,2024-04-30,1164.311051558882
38107,2024-05-31,1182.6940054071204
38107,2024-06-30,1174.8341445318465
38107,2024-07-31,1186.7712987683724
38107,2024-08-31,1198.2466622784923
38107,2024-09-30,1222.6609177264882
38107,2024-10-31,1213.716224859999
38107,2024-11-30,1203.7862219029296
38107,2024-12-31,1200.316243861161
38107,2025-01-31,1213.5261991257178
38107,2025-02-28,1232.501548946591
38107,2025-03-31,1247.0083035871116
38107,2025-04-30,1254.2337115181258
38107,2025-05-31,1238.016769356603
38107,2025-06-30,1218.4879104968988
38107,2025-07-31,1224.1376762767554
38107,2025-08-31,1214.524243855671
38107,2025-09-30,1239.502333624483
38107,2025-10-31,1225.3106328301558
38107,2025-11-30,1232.2614564923788
38107,2025-12-31,1232.8160606902109
38107,2026-01-31,1234.814234136221
38107,2026-02-28,1257.2170251325526
38107,2026-03-31,1254.8187908541029
38107,2026-04-30,1249.3094902323155
38107,2026-05-31,1245.70379574377
38107,2026-06-30,1246.4666666666667
38108,2024-01-31,863.2291887147966
38108,2024-02-29,851.9672258660223
38108,2024-03-31,844.5175786667539
38108,2024-04-30,840.2801571241254
38108,2024-05-31,836.2246539555408
38108,2024-06-30,838.5490578091411
38108,2024-07-31,846.0066033126185
38108,2024-08-31,851.0375588357349
38108,2024-09-30,874.1978433293289
38108,2024-10-31,866.3879489820401
38108,2024-11-30,884.0277549748986
38108,2024-12-31,884.9754068308706
38108,2025-01-31,889.2026192930118
38108,2025-02-28,880.6084310967894
38108,2025-03-31,840.4384579765987
38108,2025-04-30,853.2331255750007
38108,2025-05-31,839.7929266682623
38108,2025-06-30,870.4180234511805
38108,2025-07-31,841.407962147803
38108,2025-08-31,866.3141508903061
38108,2025-09-30,856.578911465876
38108,2025-10-31,899.0508348140564
38108,2025-11-30,901.4746674917728
38108,2025-12-31,917.8347439503348
38108,2026-01-31,922.3477504584204
38108,2026-02-28,913.129842382123
38108,2026-03-31,905.2561246700336
38108,2026-04-30,895.2597116350053
38108,2026-05-31,934.415065040385
38108,2026-06-30,965.3571428571428
38109,2021-10-31,888.7539192123962
38109,2021-11-30,886.4578267940041
38109,2021-12-31,906.2963254226164
38109,2022-01-31,895.7679711708887
38109,2022-02-28,931.3920115989356
38109,2022-03-31,957.4434111090948
38109,2022-04-30,989.379917962066
38109,2022-05-31,983.9757164136844
38109,2022-06-30,991.192170936238
38109,2022-07-31,985.0694669314614
38109,2022-08-31,981.5506281888476
38109,2022-09-30,968.2779524477908
38109,2022-10-31,982.7048605750869
38109,2022-11-30,982.2334406860816
38109,2022-12-31,1013.712076804474
38109,2023-01-31,1014.004474709756
38109,2023-02-28,1043.0472227186483
38109,2023-03-31,1028.3206007897052
38109,2023-04-30,1029.2760096676657
38109,2023-05-31,1018.4898250412888
38109,2023-06-30,1015.479324675281
38109,2023-07-31,1018.6422964952798
38109,2023-08-31,1018.6343601460644
38109,2023-09-30,1026.6122866384392
38109,2023-10-31,1025.5089064447643
38109,2023-11-30,1038.8975032107458
38109,2023-12-31,1041.0813894398182
38109,2024-01-31,1062.1256462152212
38109,2024-02-29,1062.3262971332651
38109,2024-03-31,1084.7757508578184
38109,2024-04-30,1085.456508554174
38109,2024-05-31,1091.0456345558357
38109,2024-06-30,1078.5206678357151
38109,2024-07-31,1089.250210023641
38109,2024-08-31,1096.0430114232438
38109,2024-09-30,1120.3591677386244
38109,2024-10-31,1119.8776122087052
38109,2024-11-30,1128.522841365325
38109,2024-12-31,1115.1749703950827
38109,2025-01-31,1109.9179658366363
38109,2025-02-28,1107.596544258583
38109,2025-03-31,1116.3361669598191
38109,2025-04-30,1122.8565691243064
38109,2025-05-31,1116.7789713780817
38109,2025-06-30,1122.9406190090392
38109,2025-07-31,1133.0289470960486
38109,2025-08-31,1149.674761782642
38109,2025-09-30,1145.952310890819
38109,2025-10-31,1141.7453300739169
38109,2025-11-30,1125.7521070594648
38109,2025-12-31,1126.0789028595902
38109,2026-01-31,1129.136680691365
38109,2026-02-28,1128.7143193347165
38109,2026-03-31,1129.086143867998
38109,2026-04-30,1135.8261170234089
38109,2026-05-31,1155.773225677527
38109,2026-06-30,1171.7870370370372
38111,2015-01-31,710.7727027955112
38111,2015-02-28,716.7821190362346
38111,2015-03-31,721.8853488628471
38111,2015-04-30,730.4995752019358
38111,2015-05-31,729.3212087491784
38111,2015-06-30,727.3970228635663
38111,2015-07-31,722.2454973363037
38111,2015-08-31,723.1928635309881
38111,2015-09-30,723.2700788300217
38111,2015-10-31,724.4153704711149
38111,2015-11-30,721.291150696362
38111,2015-12-31,724.709321525151
38111,2016-01-31,725.9287625927825
38111,2016-02-29,729.7411381965819
38111,2016-03-31,733.5820394759384
38111,2016-04-30,735.2378201542846
38111,2016-05-31,738.8265712646759
38111,2016-06-30,735.6348577974964
38111,2016-07-31,739.4826566549028
38111,2016-08-31,739.9983267848437
38111,2016-09-30,744.3357868982765
38111,2016-10-31,738.621990041124
38111,2016-11-30,734.6051354356556
38111,2016-12-31,726.703230494242
38111,2017-01-31,736.3121857160006
38111,2017-02-28,741.2693515912399
38111,2017-03-31,747.4531220264615
38111,2017-04-30,746.8804485922386
38111,2017-05-31,759.4773694933365
38111,2017-06-30,763.236637129585
38111,2017-07-31,774.0407568679416
38111,2017-08-31,767.0935869793826
38111,2017-09-30,770.9325132794795
38111,2017-10-31,761.7478998671222
38111,2017-11-30,766.47156902368
38111,2017-12-31,768.8944725498693
38111,2018-01-31,774.3479953646453
38111,2018-02-28,775.5187006274863
38111,2018-03-31,779.3831963465702
38111,2018-04-30,787.3108411763059
38111,2018-05-31,797.3950970422338
38111,2018-06-30,805.5911219289599
38111,2018-07-31,814.2154609103501
38111,2018-08-31,811.9943662448927
38111,2018-09-30,809.3577185226246
38111,2018-10-31,809.4534107959372
38111,2018-11-30,812.2627654391963
38111,2018-12-31,816.7215708236137
38111,2019-01-31,819.3861316586431
38111,2019-02-28,822.7940304280723
38111,2019-03-31,833.4848054791357
38111,2019-04-30,843.3833064481695
38111,2019-05-31,858.1667240114535
38111,2019-06-30,863.8257862888953
38111,2019-07-31,871.0206251882521
38111,2019-08-31,873.9521721465189
38111,2019-09-30,865.0834394765254
38111,2019-10-31,853.6167964813568
38111,2019-11-30,858.3138425515319
38111,2019-12-31,879.4159188338584
38111,2020-01-31,890.2861735413798
38111,2020-02-29,889.9577173794887
38111,2020-03-31,888.1587896358278
38111,2020-04-30,897.8105021689631
38111,2020-05-31,900.1082145285287
38111,2020-06-30,913.834110644064
38111,2020-07-31,928.3227497950523
38111,2020-08-31,944.591369427817
38111,2020-09-30,959.9225255960206
38111,2020-10-31,966.8973640067388
38111,2020-11-30,967.4425554573804
38111,2020-12-31,955.7964388938638
38111,2021-01-31,966.9944899039872
38111,2021-02-28,965.0951536926062
38111,2021-03-31,981.6676677891762
38111,2021-04-30,980.4778625093958
38111,2021-05-31,1013.425277991954
38111,2021-06-30,1035.0360271751756
38111,2021-07-31,1053.7506078438669
38111,2021-08-31,1063.1716263232245
38111,2021-09-30,1075.1207392052577
38111,2021-10-31,1085.9544198798046
38111,2021-11-30,1092.4162470621236
38111,2021-12-31,1085.946104479383
38111,2022-01-31,1087.0219117910192
38111,2022-02-28,1081.504022401264
38111,2022-03-31,1099.9365466413162
38111,2022-04-30,1118.1746365889464
38111,2022-05-31,1149.3990775226805
38111,2022-06-30,1155.419152197388
38111,2022-07-31,1171.1398757778716
38111,2022-08-31,1157.865692313741
38111,2022-09-30,1152.071653259767
38111,2022-10-31,1130.763102222225
38111,2022-11-30,1137.6219449079215
38111,2022-12-31,1132.308181188977
38111,2023-01-31,1147.9553755883833
38111,2023-02-28,1153.260345944993
38111,2023-03-31,1179.828465345525
38111,2023-04-30,1181.645427492781
38111,2023-05-31,1189.8209972567568
38111,2023-06-30,1179.3028671334594
38111,2023-07-31,1176.454744688259
38111,2023-08-31,1181.7903812606714
38111,2023-09-30,1189.622684196645
38111,2023-10-31,1190.5244374055158
38111,2023-11-30,1178.0053565944922
38111,2023-12-31,1190.3537205540815
38111,2024-01-31,1205.8236557061527
38111,2024-02-29,1211.4340025993931
38111,2024-03-31,1213.740951208575
38111,2024-04-30,1189.3357905848777
38111,2024-05-31,1204.476064147304
38111,2024-06-30,1199.691905535488
38111,2024-07-31,1220.4566829451526
38111,2024-08-31,1213.545569627312
38111,2024-09-30,1233.5187660963802
38111,2024-10-31,1240.2323628068432
38111,2024-11-30,1250.5706004190397
38111,2024-12-31,1242.1896235494437
38111,2025-01-31,1248.5380481277246
38111,2025-02-28,1263.477012239964
38111,2025-03-31,1283.6918663497554
38111,2025-04-30,1283.4370407810732
38111,2025-05-31,1282.615807752277
38111,2025-06-30,1268.6777709722298
38111,2025-07-31,1272.6204702294865
38111,2025-08-31,1264.902823204052
38111,2025-09-30,1266.125604603659
38111,2025-10-31,1263.4306460553544
38111,2025-11-30,1265.8342693911975
38111,2025-12-31,1261.7893048680212
38111,2026-01-31,1291.7807557863075
38111,2026-02-28,1299.4181520917764
38111,2026-03-31,1309.4482484438167
38111,2026-04-30,1277.9767985821472
38111,2026-05-31,1287.9108290323786
38111,2026-06-30,1282.635790598291
38112,2022-02-28,1048.2065961544693
38112,2022-03-31,1045.3204826942742
38112,2022-04-30,1055.587051801375
38112,2022-05-31,1074.2580639232378
38112,2022-06-30,1097.2944638563313
38112,2022-07-31,1109.6804668384957
38112,2022-08-31,1115.907572494774
38112,2022-09-30,1129.8423795691397
38112,2022-10-31,1144.1773022034945
38112,2022-11-30,1135.1927097028702
38112,2022-12-31,1099.6520777340393
38112,2023-01-31,1081.4355701396516
38112,2023-02-28,1098.0875231024768
38112,2023-03-31,1110.8271155325097
38112,2023-04-30,1118.9849064195234
38112,2023-05-31,1101.8064636106049
38112,2023-06-30,1130.234551370197
38112,2023-07-31,1136.086575976636
38112,2023-08-31,1139.758769225124
38112,2023-09-30,1147.423428500289
38112,2023-10-31,1162.9444634610616
38112,2023-11-30,1188.524810538266
38112,2023-12-31,1171.831238861104
38112,2024-01-31,1183.826553470997
38112,2024-02-29,1182.9403879411109
38112,2024-03-31,1199.8406308838692
38112,2024-04-30,1198.8420235744495
38112,2024-05-31,1214.5143107546928
38112,2024-06-30,1217.0023882892472
38112,2024-07-31,1206.561703171208
38112,2024-08-31,1207.932939466707
38112,2024-09-30,1199.4142619862023
38112,2024-10-31,1211.7858476456292
38112,2024-11-30,1192.1772487767
38112,2024-12-31,1208.2697605234189
38112,2025-01-31,1240.0147937000872
38112,2025-02-28,1264.53996017625
38112,2025-03-31,1254.8191044344917
38112,2025-04-30,1227.0414268188338
38112,2025-05-31,1230.1231896733934
38112,2025-06-30,1256.740601411349
38112,2025-07-31,1243.2592325538374
38112,2025-08-31,1251.9142615533065
38112,2025-09-30,1234.0113138564234
38112,2025-10-31,1253.5300241503503
38112,2025-11-30,1243.428007383775
38112,2025-12-31,1235.9863546569122
38112,2026-01-31,1240.5866666048782
38112,2026-02-28,1245.0146206086208
38112,2026-03-31,1293.9168014768095
38112,2026-04-30,1308.4512100584466
38112,2026-05-31,1337.9657603411777
38112,2026-06-30,1302.4079365079367
38114,2022-01-31,755.9998336379298
38114,2022-02-28,773.1788168223671
38114,2022-03-31,788.3104935602851
38114,2022-04-30,827.9742994493629
38114,2022-05-31,858.1731237781274
38114,2022-06-30,868.8756104701123
38114,2022-07-31,860.7169622782864
38114,2022-08-31,860.4327571181092
38114,2022-09-30,867.533630070295
38114,2022-10-31,850.9524800664163
38114,2022-11-30,839.5389545166283
38114,2022-12-31,827.1891008891561
38114,2023-01-31,839.4484553821238
38114,2023-02-28,856.8903834119391
38114,2023-03-31,867.3102862491236
38114,2023-04-30,861.882395699276
38114,2023-05-31,849.7233708526659
38114,2023-06-30,847.9279918296097
38114,2023-07-31,862.1609445090209
38114,2023-08-31,872.9325096342346
38114,2023-09-30,871.2516277832385
38114,2023-10-31,872.6119290336064
38114,2023-11-30,872.2608830663444
38114,2023-12-31,863.5644920780561
38114,2024-01-31,862.738634905125
38114,2024-02-29,882.913902799977
38114,2024-03-31,928.2681822200482
38114,2024-04-30,945.4638989474277
38114,2024-05-31,949.3493194542042
38114,2024-06-30,945.35545486169
38114,2024-07-31,943.6549718521998
38114,2024-08-31,947.4425549605364
38114,2024-09-30,956.5909131754744
38114,2024-10-31,948.8981041213189
38114,2024-11-30,923.3755088969054
38114,2024-12-31,910.8994754396152
38114,2025-01-31,918.9664507950866
38114,2025-02-28,924.4450291785698
38114,2025-03-31,922.8319087022986
38114,2025-04-30,917.7753875803494
38114,2025-05-31,920.8044469879358
38114,2025-06-30,927.2507713982518
38114,2025-07-31,937.3560152093232
38114,2025-08-31,956.6437297734768
38114,2025-09-30,955.1663868205612
38114,2025-10-31,958.8193506511676
38114,2025-11-30,949.4559986353744
38114,2025-12-31,970.6989378167884
38114,2026-01-31,985.7658477288642
38114,2026-02-28,975.5597699221717
38114,2026-03-31,962.0100219753684
38114,2026-04-30,946.2491448079932
38114,2026-05-31,982.3701440306723
38114,2026-06-30,983.7850297850296
38115,2021-02-28,812.1639521418845
38115,2021-03-31,837.7392797802852
38115,2021-04-30,856.7199799576372
38115,2021-05-31,881.7996779714326
38115,2021-06-30,885.3888207032284
38115,2021-07-31,900.2673182591976
38115,2021-08-31,919.1703272122944
38115,2021-09-30,923.2451245869896
38115,2021-10-31,908.9123032192094
38115,2021-11-30,906.2693250823672
38115,2021-12-31,900.3917102914476
38115,2022-01-31,909.0710849747531
38115,2022-02-28,912.0749076278948
38115,2022-03-31,940.9065335054188
38115,2022-04-30,958.945116437534
38115,2022-05-31,973.979447300274
38115,2022-06-30,975.1284394039232
38115,2022-07-31,983.8387282900648
38115,2022-08-31,980.6897794034302
38115,2022-09-30,982.3487802827656
38115,2022-10-31,980.5487069074368
38115,2022-11-30,987.6852594511688
38115,2022-12-31,989.9046119252672
38115,2023-01-31,978.1438263843596
38115,2023-02-28,978.5984627395106
38115,2023-03-31,980.0998942995556
38115,2023-04-30,995.6404370509396
38115,2023-05-31,1007.0887452034948
38115,2023-06-30,1022.651347839027
38115,2023-07-31,1016.6652273144034
38115,2023-08-31,1016.222460966795
38115,2023-09-30,1001.9019752672814
38115,2023-10-31,1000.71014475146
38115,2023-11-30,994.4023094820856
38115,2023-12-31,1004.9996872114248
38115,2024-01-31,1024.672408126655
38115,2024-02-29,1038.631960270557
38115,2024-03-31,1039.533973806342
38115,2024-04-30,1039.806479210372
38115,2024-05-31,1049.0011299588862
38115,2024-06-30,1064.0510307971674
38115,2024-07-31,1068.9391073547592
38115,2024-08-31,1067.501730134561
38115,2024-09-30,1067.9481516452558
38115,2024-10-31,1072.1857476760877
38115,2024-11-30,1075.0281376564608
38115,2024-12-31,1073.4289515596804
38115,2025-01-31,1074.87122708796
38115,2025-02-28,1081.2715984528445
38115,2025-03-31,1086.6279048911576
38115,2025-04-30,1093.2685667463604
38115,2025-05-31,1090.0400260702138
38115,2025-06-30,1087.5398161606413
38115,2025-07-31,1085.58347909863
38115,2025-08-31,1080.1352524298052
38115,2025-09-30,1077.3473910123805
38115,2025-10-31,1071.9659998225748
38115,2025-11-30,1075.778869497169
38115,2025-12-31,1073.4825281440678
38115,2026-01-31,1074.5928864667144
38115,2026-02-28,1056.119972611799
38115,2026-03-31,1056.377529843818
38115,2026-04-30,1057.1342846359505
38115,2026-05-31,1073.9662879077766
38115,2026-06-30,1074.7718253968255
38116,2021-12-31,778.8647281983153
38116,2022-01-31,779.3569774721564
38116,2022-02-28,773.835224124334
38116,2022-03-31,778.012831799721
38116,2022-04-30,791.2825171080682
38116,2022-05-31,814.0993101281816
38116,2022-06-30,832.917521995259
38116,2022-07-31,844.022064014589
38116,2022-08-31,846.4888624747825
38116,2022-09-30,844.4806852664352
38116,2022-10-31,849.4507390666889
38116,2022-11-30,850.6529920652224
38116,2022-12-31,842.9041329014594
38116,2023-01-31,836.9261093350498
38116,2023-02-28,837.2835761380016
38116,2023-03-31,846.9238719200637
38116,2023-04-30,843.4137305931608
38116,2023-05-31,853.5261073371437
38116,2023-06-30,851.6232567791933
38116,2023-07-31,842.1861799306812
38116,2023-08-31,830.6105946695931
38116,2023-09-30,829.8874608251713
38116,2023-10-31,833.7438411210222
38116,2023-11-30,835.3585515121889
38116,2023-12-31,838.524206191879
38116,2024-01-31,853.5949551053396
38116,2024-02-29,866.3564435211993
38116,2024-03-31,878.3478332003009
38116,2024-04-30,888.02888876387
38116,2024-05-31,896.1595676275725
38116,2024-06-30,904.0323709379828
38116,2024-07-31,911.6854998260598
38116,2024-08-31,903.8990775987654
38116,2024-09-30,901.9477291787708
38116,2024-10-31,898.0695429622021
38116,2024-11-30,902.0094691117662
38116,2024-12-31,893.55562687925
38116,2025-01-31,889.5679567686965
38116,2025-02-28,883.8192133897242
38116,2025-03-31,893.7569760741542
38116,2025-04-30,903.3842773261248
38116,2025-05-31,912.2308626621324
38116,2025-06-30,911.026652221062
38116,2025-07-31,909.6893454810456
38116,2025-08-31,904.634676313886
38116,2025-09-30,903.5586951422582
38116,2025-10-31,897.3412770564956
38116,2025-11-30,907.1672432073896
38116,2025-12-31,906.432189573316
38116,2026-01-31,907.1099446621416
38116,2026-02-28,897.7218228479671
38116,2026-03-31,896.7558364650686
38116,2026-04-30,906.1379635990652
38116,2026-05-31,910.141366200184
38116,2026-06-30,914.0315789473684
38117,2021-03-31,1186.022409654134
38117,2021-04-30,1195.1460507084907
38117,2021-05-31,1209.4203206089358
38117,2021-06-30,1240.383614242235
38117,2021-07-31,1264.1129140907149
38117,2021-08-31,1293.4852481930936
38117,2021-09-30,1291.80209965314
38117,2021-10-31,1294.2728716917766
38117,2021-11-30,1291.962912060996
38117,2021-12-31,1300.0102518756737
38117,2022-01-31,1304.6319344202054
38117,2022-02-28,1309.1206460350743
38117,2022-03-31,1310.3148831671808
38117,2022-04-30,1335.099084613474
38117,2022-05-31,1344.9660785150645
38117,2022-06-30,1367.062395798801
38117,2022-07-31,1368.5228285824585
38117,2022-08-31,1367.758889947518
38117,2022-09-30,1370.497991752639
38117,2022-10-31,1345.6018080152776
38117,2022-11-30,1368.296528567936
38117,2022-12-31,1367.7419195418345
38117,2023-01-31,1400.5348939050175
38117,2023-02-28,1405.003711968614
38117,2023-03-31,1412.6789939755122
38117,2023-04-30,1416.931291730251
38117,2023-05-31,1401.9637138092044
38117,2023-06-30,1408.5220309743995
38117,2023-07-31,1411.4580203343662
38117,2023-08-31,1433.1481808439369
38117,2023-09-30,1412.3261237486015
38117,2023-10-31,1401.8732016441306
38117,2023-11-30,1378.099914265155
38117,2023-12-31,1376.9026449507255
38117,2024-01-31,1413.0753413155985
38117,2024-02-29,1427.3854958516158
38117,2024-03-31,1456.9341767053374
38117,2024-04-30,1436.849982089481
38117,2024-05-31,1443.7439706264472
38117,2024-06-30,1503.1808173914733
38117,2024-07-31,1522.3681813192318
38117,2024-08-31,1544.3024046493356
38117,2024-09-30,1483.0694160854432
38117,2024-10-31,1477.364168956729
38117,2024-11-30,1473.911516928249
38117,2024-12-31,1505.8467428760614
38117,2025-01-31,1500.409484428833
38117,2025-02-28,1497.998058446082
38117,2025-03-31,1459.4519389916325
38117,2025-04-30,1474.1363789600125
38117,2025-05-31,1473.2475164404968
38117,2025-06-30,1496.105848889273
38117,2025-07-31,1480.4735270630672
38117,2025-08-31,1487.9460676574213
38117,2025-09-30,1479.5865478771514
38117,2025-10-31,1517.6084868333687
38117,2025-11-30,1521.33132390406
38117,2025-12-31,1536.6449679221555
38117,2026-01-31,1541.8391619509073
38117,2026-02-28,1553.5313250855493
38117,2026-03-31,1570.8571408221012
38117,2026-04-30,1503.8599447864542
38117,2026-05-31,1491.127118494403
38117,2026-06-30,1473.4529505582138
38118,2021-03-31,902.9631388832915
38118,2021-04-30,927.6026142421252
38118,2021-05-31,916.977478993921
38118,2021-06-30,932.6052427543782
38118,2021-07-31,939.5885393546872
38118,2021-08-31,980.339314053136
38118,2021-09-30,1003.3463554903622
38118,2021-10-31,1014.0391789279976
38118,2021-11-30,1013.1293020042776
38118,2021-12-31,1040.351833361951
38118,2022-01-31,1037.8506954500112
38118,2022-02-28,1067.5179007273916
38118,2022-03-31,1058.8344592379744
38118,2022-04-30,1088.342240796035
38118,2022-05-31,1094.7905373395388
38118,2022-06-30,1101.459725796867
38118,2022-07-31,1098.2853971501115
38118,2022-08-31,1099.218480293316
38118,2022-09-30,1108.5347251619628
38118,2022-10-31,1125.853900477941
38118,2022-11-30,1130.0101791485183
38118,2022-12-31,1116.5300112164073
38118,2023-01-31,1114.29518580464
38118,2023-02-28,1115.1089463845135
38118,2023-03-31,1120.0871329188433
38118,2023-04-30,1123.7665258975408
38118,2023-05-31,1121.8472562759364
38118,2023-06-30,1140.797705453804
38118,2023-07-31,1144.8841557662124
38118,2023-08-31,1148.553840805438
38118,2023-09-30,1144.1175814652102
38118,2023-10-31,1138.7437465305286
38118,2023-11-30,1142.9682087497818
38118,2023-12-31,1141.035319762628
38118,2024-01-31,1147.6745372586822
38118,2024-02-29,1154.4402558935594
38118,2024-03-31,1161.872948080167
38118,2024-04-30,1170.7326574942936
38118,2024-05-31,1185.598835422379
38118,2024-06-30,1182.8462050721062
38118,2024-07-31,1192.4545584089976
38118,2024-08-31,1177.4193205895235
38118,2024-09-30,1191.186835160274
38118,2024-10-31,1191.6297112695647
38118,2024-11-30,1200.0026229251985
38118,2024-12-31,1196.2211858511944
38118,2025-01-31,1184.415388991018
38118,2025-02-28,1182.335420980742
38118,2025-03-31,1195.2669476324215
38118,2025-04-30,1206.4864836349486
38118,2025-05-31,1206.0660128092854
38118,2025-06-30,1195.218308738067
38118,2025-07-31,1199.5223826823326
38118,2025-08-31,1207.3533868893085
38118,2025-09-30,1214.5417782612512
38118,2025-10-31,1214.2128685601324
38118,2025-11-30,1215.3902909653864
38118,2025-12-31,1214.5904153877725
38118,2026-01-31,1215.2762735904564
38118,2026-02-28,1219.0674577971072
38118,2026-03-31,1227.0511451422417
38118,2026-04-30,1223.20861869629
38118,2026-05-31,1229.8706151986255
38118,2026-06-30,1224.8235867446394
38119,2024-02-29,1477.243969543982
38119,2024-03-31,1498.8239765181077
38119,2024-04-30,1543.2839162578523
38119,2024-05-31,1608.3807374062471
38119,2024-06-30,1662.9397674317474
38119,2024-07-31,1662.452883254737
38119,2024-08-31,1613.8287270056182
38119,2024-09-30,1594.8258319609731
38119,2024-10-31,1593.7690085150143
38119,2024-11-30,1621.1142874384443
38119,2024-12-31,1622.4920984766736
38119,2025-01-31,1635.7143365536026
38119,2025-02-28,1602.6509593911735
38119,2025-03-31,1607.6455005210018
38119,2025-04-30,1551.866736389431
38119,2025-05-31,1579.5216854956084
38119,2025-06-30,1619.819661824744
38119,2025-07-31,1643.2918573887484
38119,2025-08-31,1644.8635772985017
38119,2025-09-30,1595.91375238079
38119,2025-10-31,1588.9540283286303
38119,2025-11-30,1597.1847527649431
38119,2025-12-31,1601.8574512322582
38119,2026-01-31,1590.826353283864
38119,2026-02-28,1541.516785555561
38119,2026-03-31,1530.5164883085
38119,2026-04-30,1584.5149262539858
38119,2026-05-31,1616.0157972682755
38119,2026-06-30,1650.5555555555557
38120,2024-05-31,1412.4133597202506
38120,2024-06-30,1383.7122181886004
38120,2024-07-31,1357.7806190183662
38120,2024-08-31,1374.172021345959
38120,2024-09-30,1368.8640803922272
38120,2024-10-31,1396.8881587966514
38120,2024-11-30,1358.0629639273795
38120,2024-12-31,1344.6238010991362
38120,2025-01-31,1308.584323360997
38120,2025-02-28,1313.2532439351896
38120,2025-03-31,1327.4431833256644
38120,2025-04-30,1364.3809760095894
38120,2025-05-31,1401.991894544659
38120,2025-06-30,1416.0986538791317
38120,2025-07-31,1407.5606988654156
38120,2025-08-31,1397.2812932597585
38120,2025-09-30,1376.6098975827629
38120,2025-10-31,1338.2408343878897
38120,2025-11-30,1369.3887829403968
38120,2025-12-31,1378.1071753751603
38120,2026-01-31,1421.2132528516847
38120,2026-02-28,1376.327272059882
38120,2026-03-31,1390.6260404350353
38120,2026-04-30,1383.178470783096
38120,2026-05-31,1390.712130381198
38120,2026-06-30,1391.3333333333333
38122,2021-09-30,931.4118871773242
38122,2021-10-31,935.4920111176318
38122,2021-11-30,944.091263991768
38122,2021-12-31,980.8786001370364
38122,2022-01-31,993.9824017530436
38122,2022-02-28,1009.6737835098792
38122,2022-03-31,1006.0392123532628
38122,2022-04-30,1028.7251706650031
38122,2022-05-31,1026.8371037281906
38122,2022-06-30,1025.146040565365
38122,2022-07-31,994.4221752088888
38122,2022-08-31,1019.144949295989
38122,2022-09-30,1041.9082742816868
38122,2022-10-31,1062.4871601935758
38122,2022-11-30,1027.6228802697683
38122,2022-12-31,1017.6693305343812
38122,2023-01-31,1024.029427238124
38122,2023-02-28,1024.7710974148663
38122,2023-03-31,1024.8805117487714
38122,2023-04-30,1010.6920560449564
38122,2023-05-31,1026.6149615659788
38122,2023-06-30,1039.105374385636
38122,2023-07-31,1048.7844830828258
38122,2023-08-31,1045.4144724672435
38122,2023-09-30,1051.4616356551
38122,2023-10-31,1062.1621714563942
38122,2023-11-30,1075.3662062433586
38122,2023-12-31,1068.872777462199
38122,2024-01-31,1080.8259542212918
38122,2024-02-29,1093.7495066922038
38122,2024-03-31,1109.8694886543033
38122,2024-04-30,1102.7705739353212
38122,2024-05-31,1097.8919043341698
38122,2024-06-30,1091.0801434231396
38122,2024-07-31,1107.322308089085
38122,2024-08-31,1111.2821728291542
38122,2024-09-30,1122.5664859572817
38122,2024-10-31,1117.2504711937283
38122,2024-11-30,1131.3541920495811
38122,2024-12-31,1122.8240932824808
38122,2025-01-31,1133.2961333754183
38122,2025-02-28,1124.7371977464234
38122,2025-03-31,1123.8622611507174
38122,2025-04-30,1121.601821863599
38122,2025-05-31,1131.2844418333532
38122,2025-06-30,1140.592381633974
38122,2025-07-31,1140.282178556264
38122,2025-08-31,1141.7493271044548
38122,2025-09-30,1140.7576692973876
38122,2025-10-31,1150.0758232226667
38122,2025-11-30,1172.8087509588545
38122,2025-12-31,1177.939861043145
38122,2026-01-31,1171.031181029122
38122,2026-02-28,1153.6161264831162
38122,2026-03-31,1152.9924198236642
38122,2026-04-30,1151.83422766155
38122,2026-05-31,1161.187831339006
38122,2026-06-30,1159.3939393939393
38125,2015-05-31,951.2005874290628
38125,2015-06-30,955.5146519629484
38125,2015-07-31,959.6708993720868
38125,2015-08-31,959.4718269379804
38125,2015-09-30,965.8506596216986
38125,2015-10-31,969.692706274402
38125,2015-11-30,972.260029115356
38125,2015-12-31,953.9830883924836
38125,2016-01-31,953.0210219624424
38125,2016-02-29,950.1688449140128
38125,2016-03-31,963.9344629927348
38125,2016-04-30,979.0088158299628
38125,2016-05-31,982.1276367524024
38125,2016-06-30,981.918609580419
38125,2016-07-31,971.3389239947028
38125,2016-08-31,970.3303808229632
38125,2016-09-30,976.9215104488644
38125,2016-10-31,980.2466193863322
38125,2016-11-30,994.442464599934
38125,2016-12-31,998.6581270941372
38125,2017-01-31,994.2732296029524
38125,2017-02-28,985.1335741907576
38125,2017-03-31,988.5719090969936
38125,2017-04-30,992.984458792544
38125,2017-05-31,1004.6216310720876
38125,2017-06-30,1006.4713808716616
38125,2017-07-31,1019.7845938300288
38125,2017-08-31,1002.4356210323704
38125,2017-09-30,1001.8287743613764
38125,2017-10-31,986.119226942244
38125,2017-11-30,999.8062066857384
38125,2017-12-31,996.0322088855152
38125,2018-01-31,1004.6253003341506
38125,2018-02-28,991.5196240450229
38125,2018-03-31,1005.2248840359116
38125,2018-04-30,1013.3208471103336
38125,2018-05-31,1028.9095050021017
38125,2018-06-30,1025.606746972863
38125,2018-07-31,1022.0192882983932
38125,2018-08-31,1027.180992302821
38125,2018-09-30,1030.1334174153117
38125,2018-10-31,1038.820095972499
38125,2018-11-30,1028.4837120156478
38125,2018-12-31,1023.2706455988648
38125,2019-01-31,1022.6178148769404
38125,2019-02-28,1030.1564275749463
38125,2019-03-31,1042.1059472133934
38125,2019-04-30,1053.1908649315062
38125,2019-05-31,1060.758211388517
38125,2019-06-30,1060.33200517584
38125,2019-07-31,1052.7318622554856
38125,2019-08-31,1054.604463445511
38125,2019-09-30,1061.4199376000142
38125,2019-10-31,1073.3407352833349
38125,2019-11-30,1069.97539025967
38125,2019-12-31,1072.9132351733338
38125,2020-01-31,1076.800288189227
38125,2020-02-29,1090.3977751019222
38125,2020-03-31,1098.142142886702
38125,2020-04-30,1098.30550363346
38125,2020-05-31,1103.599560488139
38125,2020-06-30,1115.8894811599032
38125,2020-07-31,1136.6052315722998
38125,2020-08-31,1158.728156552754
38125,2020-09-30,1178.286458376322
38125,2020-10-31,1197.777302640745
38125,2020-11-30,1209.3443623558487
38125,2020-12-31,1194.0957596771584
38125,2021-01-31,1190.4778310102922
38125,2021-02-28,1186.547272050335
38125,2021-03-31,1218.764689088103
38125,2021-04-30,1249.0673224292243
38125,2021-05-31,1283.6875744532822
38125,2021-06-30,1326.8249242881404
38125,2021-07-31,1360.2175800669006
38125,2021-08-31,1417.931863379764
38125,2021-09-30,1427.7002451870962
38125,2021-10-31,1431.741203972192
38125,2021-11-30,1406.1209069235797
38125,2021-12-31,1402.40537274127
38125,2022-01-31,1396.020159991129
38125,2022-02-28,1388.0308079370234
38125,2022-03-31,1384.4834570646276
38125,2022-04-30,1394.6057876989428
38125,2022-05-31,1407.6652904362982
38125,2022-06-30,1414.6509287427457
38125,2022-07-31,1412.1115024859944
38125,2022-08-31,1413.8157214522917
38125,2022-09-30,1401.981125644155
38125,2022-10-31,1402.4995276450777
38125,2022-11-30,1391.9682455362338
38125,2022-12-31,1393.7658344588392
38125,2023-01-31,1396.212574636391
38125,2023-02-28,1403.8307003510697
38125,2023-03-31,1427.8313592843433
38125,2023-04-30,1438.264615170156
38125,2023-05-31,1457.0125090552788
38125,2023-06-30,1441.7329984137082
38125,2023-07-31,1443.9226092209888
38125,2023-08-31,1430.231306620438
38125,2023-09-30,1425.5576119791597
38125,2023-10-31,1400.0171673378773
38125,2023-11-30,1395.7627700867783
38125,2023-12-31,1397.2496874041913
38125,2024-01-31,1425.337588899827
38125,2024-02-29,1436.144657234503
38125,2024-03-31,1452.581692210426
38125,2024-04-30,1457.484236284598
38125,2024-05-31,1467.4242608240704
38125,2024-06-30,1468.283552944212
38125,2024-07-31,1459.2860819724065
38125,2024-08-31,1454.3366988514051
38125,2024-09-30,1453.8061987048095
38125,2024-10-31,1469.1169350293742
38125,2024-11-30,1464.7606027889583
38125,2024-12-31,1464.8350704528978
38125,2025-01-31,1438.8443033288486
38125,2025-02-28,1460.3431804660877
38125,2025-03-31,1483.0770410293417
38125,2025-04-30,1499.085091589102
38125,2025-05-31,1501.511047317298
38125,2025-06-30,1492.6769623400155
38125,2025-07-31,1497.8717476559752
38125,2025-08-31,1488.5170200858165
38125,2025-09-30,1480.3506672886713
38125,2025-10-31,1475.2806059834174
38125,2025-11-30,1477.6990910657196
38125,2025-12-31,1483.8865618400505
38125,2026-01-31,1485.1474020728724
38125,2026-02-28,1480.5685880064611
38125,2026-03-31,1491.4361980905455
38125,2026-04-30,1501.3019141078073
38125,2026-05-31,1507.4355511607678
38125,2026-06-30,1501.9386534787006
38127,2020-09-30,763.8751980970368
38127,2020-10-31,762.0876161487874
38127,2020-11-30,762.6827018802276
38127,2020-12-31,765.4259288633368
38127,2021-01-31,771.249383175791
38127,2021-02-28,775.6058549264653
38127,2021-03-31,784.5140340978212
38127,2021-04-30,779.5055708993463
38127,2021-05-31,777.7588388143575
38127,2021-06-30,776.5127219547164
38127,2021-08-31,818.4899125555186
38127,2021-09-30,841.0190201307695
38127,2021-10-31,845.6918633713215
38127,2021-11-30,859.5666270396954
38127,2021-12-31,869.2047159411704
38127,2022-01-31,883.0966421344539
38127,2022-02-28,886.9702926710908
38127,2022-03-31,898.6003396071281
38127,2022-04-30,904.7241426285996
38127,2022-05-31,911.6996240224184
38127,2022-06-30,927.1496412937444
38127,2022-07-31,942.8140933085868
38127,2022-08-31,948.7529761800544
38127,2022-09-30,945.2323880080356
38127,2022-10-31,950.61769351935
38127,2022-11-30,960.9994639479136
38127,2022-12-31,961.8097607008305
38127,2023-01-31,946.9191501163292
38127,2023-02-28,951.352005867855
38127,2023-03-31,956.640793360137
38127,2023-04-30,963.581427352469
38127,2023-05-31,959.8339388637736
38127,2023-06-30,958.3890037319584
38127,2023-07-31,964.6119685901568
38127,2023-08-31,969.1510060487258
38127,2023-09-30,979.6904353813944
38127,2023-10-31,976.3404056054744
38127,2023-11-30,976.5067566513624
38127,2023-12-31,966.097881710846
38127,2024-01-31,974.8618486135412
38127,2024-02-29,983.9890389861469
38127,2024-03-31,1001.0456744769403
38127,2024-04-30,1014.55363307527
38127,2024-05-31,1016.9894466861558
38127,2024-06-30,1021.4299551443322
38127,2024-07-31,1025.241640411874
38127,2024-08-31,1032.076335551115
38127,2024-09-30,1030.196704193267
38127,2024-10-31,1033.1377969380426
38127,2024-11-30,1026.1528424932958
38127,2024-12-31,1023.5066902205988
38127,2025-01-31,1015.9818689885838
38127,2025-02-28,1027.5686536169512
38127,2025-03-31,1035.3156646633129
38127,2025-04-30,1060.9966465453592
38127,2025-05-31,1071.29842398544
38127,2025-06-30,1078.1351463437722
38127,2025-07-31,1067.5706690701556
38127,2025-08-31,1065.4155763321974
38127,2025-09-30,1066.3754934421663
38127,2025-10-31,1064.6319834272035
38127,2025-11-30,1071.013854073419
38127,2025-12-31,1072.2943327420462
38127,2026-01-31,1070.28163104763
38127,2026-02-28,1054.9667044262249
38127,2026-03-31,1055.0964124567336
38127,2026-04-30,1057.32555069053
38127,2026-05-31,1070.4222678770082
38127,2026-06-30,1084.8332497911445
38128,2015-01-31,750.9558352245236
38128,2015-02-28,748.6515449815978
38128,2015-03-31,744.9444716862312
38128,2015-04-30,750.1228060716753
38128,2015-05-31,752.8337652778647
38128,2015-06-30,758.6180545479659
38128,2015-07-31,761.5195773207619
38128,2015-08-31,766.5040831016224
38128,2015-09-30,766.2649895037342
38128,2015-10-31,762.3334254456262
38128,2015-11-30,762.6561093893607
38128,2015-12-31,758.4053363050825
38128,2016-01-31,760.5596628787941
38128,2016-02-29,757.2478503498254
38128,2016-03-31,755.6261066202609
38128,2016-04-30,754.1415285357729
38128,2016-05-31,759.8137982074369
38128,2016-06-30,765.4208886943933
38128,2016-07-31,770.5113847973284
38128,2016-08-31,770.3635975256979
38128,2016-09-30,770.227702454722
38128,2016-10-31,764.0243800605145
38128,2016-11-30,764.3936857131741
38128,2016-12-31,763.1906136840838
38128,2017-01-31,765.8027624929721
38128,2017-02-28,767.29505678206
38128,2017-03-31,770.9843972475325
38128,2017-04-30,773.2978306313415
38128,2017-05-31,771.6478520172391
38128,2017-06-30,772.5489825513602
38128,2017-07-31,771.3906426638255
38128,2017-08-31,772.3282655936767
38128,2017-09-30,773.9760659743076
38128,2017-10-31,778.888064165138
38128,2017-11-30,785.202888187318
38128,2017-12-31,785.8521079400396
38128,2018-01-31,784.4303276191457
38128,2018-02-28,784.0887521982772
38128,2018-03-31,785.8216607922623
38128,2018-04-30,789.8603326238067
38128,2018-05-31,789.371510275461
38128,2018-06-30,788.5283231105806
38128,2018-07-31,788.6873475279491
38128,2018-08-31,800.098991155437
38128,2018-09-30,808.3934700890442
38128,2018-10-31,807.0269669442431
38128,2018-11-30,798.5431674855461
38128,2018-12-31,799.691845838571
38128,2019-01-31,805.3308131740883
38128,2019-02-28,809.9516414569838
38128,2019-03-31,807.5582065265824
38128,2019-04-30,815.1847974482517
38128,2019-05-31,819.376134378443
38128,2019-06-30,825.0480940363034
38128,2019-07-31,828.6849115582663
38128,2019-08-31,831.9653685636209
38128,2019-09-30,835.661824082779
38128,2019-10-31,826.0001463435474
38128,2019-11-30,828.6910199451273
38128,2019-12-31,826.2747260511287
38128,2020-01-31,827.292726475456
38128,2020-02-29,818.74100739406
38128,2020-03-31,841.2720957548939
38128,2020-04-30,855.4105617346095
38128,2020-05-31,868.5672936440776
38128,2020-06-30,861.5304848027052
38128,2020-07-31,883.2235149304423
38128,2020-08-31,910.8790086282162
38128,2020-09-30,913.2878942650824
38128,2020-10-31,912.8028599621132
38128,2020-11-30,905.6831124923518
38128,2020-12-31,925.462830840072
38128,2021-01-31,924.1197587215538
38128,2021-02-28,931.7062600834876
38128,2021-03-31,939.06457070163
38128,2021-04-30,965.9396167402216
38128,2021-05-31,1001.9702310689904
38128,2021-06-30,1009.77654198339
38128,2021-07-31,1026.4135666966413
38128,2021-08-31,1034.3821649464137
38128,2021-09-30,1066.4776876202536
38128,2021-10-31,1089.882381693236
38128,2021-11-30,1109.400136552705
38128,2021-12-31,1124.4575514884534
38128,2022-01-31,1121.9421700401288
38128,2022-02-28,1120.1628532528948
38128,2022-03-31,1130.7797314593895
38128,2022-04-30,1158.6763103723008
38128,2022-05-31,1165.602794128823
38128,2022-06-30,1166.6594319827225
38128,2022-07-31,1167.6007752581097
38128,2022-08-31,1168.051660377248
38128,2022-09-30,1173.7887927543077
38128,2022-10-31,1171.506425962364
38128,2022-11-30,1170.085600495632
38128,2022-12-31,1167.1809889251483
38128,2023-01-31,1187.4811228707345
38128,2023-02-28,1203.1264384883066
38128,2023-03-31,1217.088757543894
38128,2023-04-30,1199.9598504492606
38128,2023-05-31,1200.0266286498872
38128,2023-06-30,1194.5230236504387
38128,2023-07-31,1205.529698980352
38128,2023-08-31,1207.9772940768908
38128,2023-09-30,1215.9745404895414
38128,2023-10-31,1209.1579965203148
38128,2023-11-30,1215.5757602702408
38128,2023-12-31,1211.0702232412157
38128,2024-01-31,1215.718843469365
38128,2024-02-29,1215.4962214380305
38128,2024-03-31,1231.178063776656
38128,2024-04-30,1244.741105571485
38128,2024-05-31,1255.176847949435
38128,2024-06-30,1260.847123672998
38128,2024-07-31,1252.0542645034368
38128,2024-08-31,1255.457533047132
38128,2024-09-30,1262.568729100832
38128,2024-10-31,1264.70987299323
38128,2024-11-30,1265.6940694591715
38128,2024-12-31,1255.1190351507216
38128,2025-01-31,1257.3427401348688
38128,2025-02-28,1267.6923330355264
38128,2025-03-31,1277.7973174283088
38128,2025-04-30,1292.6501865208131
38128,2025-05-31,1300.1932968546612
38128,2025-06-30,1305.4897619533522
38128,2025-07-31,1303.0815591871672
38128,2025-08-31,1293.5188891367047
38128,2025-09-30,1293.2558173859748
38128,2025-10-31,1293.4786631099391
38128,2025-11-30,1297.6239603408064
38128,2025-12-31,1287.6483390621563
38128,2026-01-31,1281.8521406006923
38128,2026-02-28,1269.499427300147
38128,2026-03-31,1279.1017627325743
38128,2026-04-30,1295.3497208198337
38128,2026-05-31,1321.292401298704
38128,2026-06-30,1323.822222222222
38133,2021-02-28,1223.985685794155
38133,2021-03-31,1232.0528428547595
38133,2021-04-30,1243.354814240388
38133,2021-05-31,1256.8732524093132
38133,2021-06-30,1294.9914720403835
38133,2021-07-31,1314.2792977638894
38133,2021-08-31,1369.6858923120342
38133,2021-09-30,1408.4038364023415
38133,2021-10-31,1431.8637877483134
38133,2021-11-30,1376.1188960192526
38133,2021-12-31,1365.9684176491623
38133,2022-01-31,1392.7368457049497
38133,2022-02-28,1401.8335263077092
38133,2022-03-31,1405.2148931041231
38133,2022-04-30,1385.2466910673804
38133,2022-05-31,1410.190818078197
38133,2022-06-30,1398.9333476448587
38133,2022-07-31,1420.5579327898845
38133,2022-08-31,1448.733699836422
38133,2022-09-30,1454.6850195797224
38133,2022-10-31,1457.7268017931706
38133,2022-11-30,1449.2386287940924
38133,2022-12-31,1477.7559885886726
38133,2023-01-31,1482.321926851237
38133,2023-02-28,1467.7239218735156
38133,2023-03-31,1483.687844442951
38133,2023-04-30,1492.4345459179208
38133,2023-05-31,1511.7911226421986
38133,2023-06-30,1501.7683370621164
38133,2023-07-31,1514.6028116222164
38133,2023-08-31,1525.1960191958651
38133,2023-09-30,1525.6474034587304
38133,2023-10-31,1520.7438418565382
38133,2023-11-30,1520.2001564424015
38133,2023-12-31,1517.4528436894332
38133,2024-01-31,1520.6309216804448
38133,2024-02-29,1535.7288888010032
38133,2024-03-31,1551.3353199012547
38133,2024-04-30,1544.8587253264798
38133,2024-05-31,1541.5542193306371
38133,2024-06-30,1531.5069278125316
38133,2024-07-31,1524.1892323293173
38133,2024-08-31,1515.5724804101217
38133,2024-09-30,1511.4378578546248
38133,2024-10-31,1523.3369979722308
38133,2024-11-30,1533.4392429500217
38133,2024-12-31,1543.7369028950156
38133,2025-01-31,1539.138945743704
38133,2025-02-28,1540.7136975156322
38133,2025-03-31,1532.2057048512106
38133,2025-04-30,1530.4617433051587
38133,2025-05-31,1521.4054837870972
38133,2025-06-30,1534.0988608145838
38133,2025-07-31,1548.2092313094345
38133,2025-08-31,1563.3141763215258
38133,2025-09-30,1570.0063347732384
38133,2025-10-31,1593.2508700814417
38133,2025-11-30,1607.8208995646546
38133,2025-12-31,1607.0460975073088
38133,2026-01-31,1594.5741263536795
38133,2026-02-28,1583.8202839597527
38133,2026-03-31,1595.7046937362002
38133,2026-04-30,1611.3050422303347
38133,2026-05-31,1623.6247712244158
38133,2026-06-30,1589.5666666666666
38134,2015-04-30,812.1795738666848
38134,2015-05-31,803.8931223781523
38134,2015-06-30,802.584508137532
38134,2015-07-31,811.1659383723251
38134,2015-08-31,820.1985331801321
38134,2015-09-30,828.8661411509465
38134,2015-10-31,821.5652143354979
38134,2015-11-30,817.6347483601064
38134,2015-12-31,809.7420961701027
38134,2016-01-31,812.7113731070934
38134,2016-02-29,812.1796510086691
38134,2016-03-31,817.9849131246255
38134,2016-04-30,828.926065876615
38134,2016-05-31,833.3998764847839
38134,2016-06-30,834.227247573804
38134,2016-07-31,830.3890936184931
38134,2016-08-31,830.3997705243655
38134,2016-09-30,829.0186735804876
38134,2016-10-31,829.9666384841872
38134,2016-11-30,833.7502095530218
38134,2016-12-31,833.4846947454956
38134,2017-01-31,836.3862798713392
38134,2017-02-28,829.1436470651148
38134,2017-03-31,837.8149637580926
38134,2017-04-30,844.0297858459243
38134,2017-05-31,842.6986723817885
38134,2017-06-30,842.536266885428
38134,2017-07-31,833.1233345901369
38134,2017-08-31,844.3266309821626
38134,2017-09-30,840.1415907231749
38134,2017-10-31,846.2466084779796
38134,2017-11-30,842.1099137459607
38134,2017-12-31,842.0296465140368
38134,2018-01-31,840.0944927338143
38134,2018-02-28,843.306759824173
38134,2018-03-31,852.6539227685216
38134,2018-04-30,855.6207175471479
38134,2018-05-31,857.417285265449
38134,2018-06-30,866.8503117016515
38134,2018-07-31,875.5326464302049
38134,2018-08-31,884.6844396567549
38134,2018-09-30,882.1692035380258
38134,2018-10-31,887.268225682845
38134,2018-11-30,884.3560462813373
38134,2018-12-31,873.3284170005151
38134,2019-01-31,868.1276327024688
38134,2019-02-28,883.0107622805057
38134,2019-03-31,900.3871635924891
38134,2019-04-30,903.6400262812044
38134,2019-05-31,895.1918411547837
38134,2019-06-30,891.8715243229666
38134,2019-07-31,904.9240807528852
38134,2019-08-31,914.1049811348336
38134,2019-09-30,923.3503072195524
38134,2019-10-31,914.68690052242
38134,2019-11-30,912.0031958500751
38134,2019-12-31,915.760383390146
38134,2020-01-31,929.9764096306247
38134,2020-02-29,945.4704218000844
38134,2020-03-31,951.95523693363
38134,2020-04-30,956.0775282350093
38134,2020-05-31,965.5859977180144
38134,2020-06-30,986.3348182414292
38134,2020-07-31,1007.9501256427932
38134,2020-08-31,1017.6336247235976
38134,2020-09-30,1013.805089297797
38134,2020-10-31,1012.3150160018728
38134,2020-11-30,1004.794071166198
38134,2020-12-31,1005.5377967650112
38134,2021-01-31,1005.165804520512
38134,2021-02-28,1020.2063924629412
38134,2021-03-31,1042.913140691838
38134,2021-04-30,1071.915981821827
38134,2021-05-31,1113.4781248707468
38134,2021-06-30,1134.8989646217203
38134,2021-07-31,1148.1360259790372
38134,2021-08-31,1151.538088906818
38134,2021-09-30,1163.2316461620271
38134,2021-10-31,1180.3877996180952
38134,2021-11-30,1197.5095520947273
38134,2021-12-31,1210.294476220087
38134,2022-01-31,1208.6373625838428
38134,2022-02-28,1212.864415310472
38134,2022-03-31,1209.279467373092
38134,2022-04-30,1222.8873856740242
38134,2022-05-31,1223.8061688659204
38134,2022-06-30,1218.116291915611
38134,2022-07-31,1210.8224287697417
38134,2022-08-31,1202.5252082796103
38134,2022-09-30,1204.937802307765
38134,2022-10-31,1203.5311290237478
38134,2022-11-30,1195.4913666603409
38134,2022-12-31,1189.437218897191
38134,2023-01-31,1190.8751651156565
38134,2023-02-28,1191.635193976352
38134,2023-03-31,1215.801040939052
38134,2023-04-30,1229.2518757479454
38134,2023-05-31,1242.3927537477896
38134,2023-06-30,1236.9034232176707
38134,2023-07-31,1222.545897301175
38134,2023-08-31,1224.741745960662
38134,2023-09-30,1219.46430311703
38134,2023-10-31,1228.6813093006174
38134,2023-11-30,1221.4824912447311
38134,2023-12-31,1214.498700506875
38134,2024-01-31,1208.9636441633509
38134,2024-02-29,1208.3731320496577
38134,2024-03-31,1218.5007992541096
38134,2024-04-30,1221.1457882926118
38134,2024-05-31,1237.0126668642506
38134,2024-06-30,1248.7868862168225
38134,2024-07-31,1270.3713627965788
38134,2024-08-31,1268.3397324130065
38134,2024-09-30,1273.7513553885774
38134,2024-10-31,1263.9699740759472
38134,2024-11-30,1257.7355781615197
38134,2024-12-31,1247.6406004983849
38134,2025-01-31,1252.8442642431355
38134,2025-02-28,1261.467359050799
38134,2025-03-31,1273.5881556335137
38134,2025-04-30,1278.5699269225122
38134,2025-05-31,1289.3794670078023
38134,2025-06-30,1297.9274220896186
38134,2025-07-31,1292.5957015724232
38134,2025-08-31,1297.739507141697
38134,2025-09-30,1284.4646337363324
38134,2025-10-31,1281.114326856726
38134,2025-11-30,1260.3944086900815
38134,2025-12-31,1238.2686777384197
38134,2026-01-31,1219.11319778461
38134,2026-02-28,1213.4032269973031
38134,2026-03-31,1235.6471485305024
38134,2026-04-30,1272.3884468251708
38134,2026-05-31,1297.4642229573049
38134,2026-06-30,1313.3975757575756
38135,2016-06-30,1114.9200753796115
38135,2016-07-31,1121.7350132810757
38135,2016-08-31,1112.3471701104231
38135,2016-09-30,1110.17192560372
38135,2016-10-31,1105.0389223671214
38135,2016-11-30,1117.9894049433965
38135,2016-12-31,1133.0082703171374
38135,2017-01-31,1133.5067860551478
38135,2017-03-31,1109.962339378451
38135,2017-04-30,1111.291553204978
38135,2017-05-31,1123.2566778329433
38135,2017-06-30,1120.437598607772
38135,2017-07-31,1121.5189157959733
38135,2017-08-31,1124.9889833123282
38135,2017-09-30,1127.305804501408
38135,2017-10-31,1132.6891209676935
38135,2017-11-30,1131.5181887344522
38135,2017-12-31,1126.6860063704678
38135,2018-01-31,1133.5242977978376
38135,2018-02-28,1130.1122032104706
38135,2018-03-31,1134.2948856070343
38135,2018-04-30,1141.001573157436
38135,2018-05-31,1139.095759674069
38135,2018-06-30,1153.516014588831
38135,2018-07-31,1156.2673077599895
38135,2018-08-31,1167.1048883235728
38135,2018-09-30,1156.7926802699496
38135,2018-10-31,1159.4968484298936
38135,2018-11-30,1157.1639949074354
38135,2018-12-31,1160.5225151231823
38135,2019-01-31,1169.1920015119094
38135,2019-02-28,1174.9199419837075
38135,2019-03-31,1184.8220864432506
38135,2019-04-30,1167.6022568270528
38135,2019-05-31,1182.785393248659
38135,2019-06-30,1198.275383525801
38135,2019-07-31,1222.3367154401672
38135,2019-08-31,1218.3604889215524
38135,2019-09-30,1227.9989029352723
38135,2019-10-31,1229.9674361033349
38135,2019-11-30,1229.406693858669
38135,2019-12-31,1198.1450659123964
38135,2020-01-31,1205.7377262531547
38135,2020-02-29,1241.2206046183724
38135,2020-03-31,1281.2415897326948
38135,2020-04-30,1277.3656329579478
38135,2020-05-31,1264.39218641778
38135,2020-06-30,1264.8478118288942
38135,2020-07-31,1302.1697826313807
38135,2020-08-31,1318.8129038703307
38135,2020-09-30,1322.9406230627424
38135,2020-10-31,1319.0530125909618
38135,2020-11-30,1328.778665028114
38135,2020-12-31,1370.309348342026
38135,2021-01-31,1384.0888057753557
38135,2021-02-28,1401.8610148160694
38135,2021-03-31,1392.2351612454638
38135,2021-04-30,1402.7062192318826
38135,2021-05-31,1416.7300503424717
38135,2021-06-30,1460.6652513047832
38135,2021-07-31,1483.13766631221
38135,2021-08-31,1470.7489056043196
38135,2021-09-30,1465.484115576547
38135,2021-10-31,1498.2399641575612
38135,2021-11-30,1531.911440538299
38135,2021-12-31,1545.1270638151043
38135,2022-01-31,1527.9069430838924
38135,2022-02-28,1535.7911277880276
38135,2022-03-31,1549.1520882235473
38135,2022-04-30,1568.2212369132178
38135,2022-05-31,1578.3547094882751
38135,2022-06-30,1592.5770768108914
38135,2022-07-31,1619.9539061439011
38135,2022-08-31,1640.4346950167862
38135,2022-09-30,1632.263077293713
38135,2022-10-31,1614.8203657545002
38135,2022-11-30,1601.4350327409816
38135,2022-12-31,1615.0173119208348
38135,2023-01-31,1622.782783771095
38135,2023-02-28,1659.7281050948088
38135,2023-03-31,1671.7130360320125
38135,2023-04-30,1695.4281007707266
38135,2023-05-31,1686.5205434320544
38135,2023-06-30,1694.1460048227057
38135,2023-07-31,1686.8682747201306
38135,2023-08-31,1677.6530871201876
38135,2023-09-30,1665.4380854401124
38135,2023-10-31,1638.472474998364
38135,2023-11-30,1628.8603984172476
38135,2023-12-31,1623.3548139006875
38135,2024-01-31,1646.4941473096742
38135,2024-02-29,1659.2321818168373
38135,2024-03-31,1664.0106480194224
38135,2024-04-30,1679.7744594936369
38135,2024-05-31,1703.1099973326773
38135,2024-06-30,1719.5611150226366
38135,2024-07-31,1716.4508081967217
38135,2024-08-31,1707.8457152742385
38135,2024-09-30,1720.58530590716
38135,2024-10-31,1728.162048744038
38135,2024-11-30,1737.2462797854653
38135,2024-12-31,1722.9833428424413
38135,2025-01-31,1701.0507062760737
38135,2025-02-28,1711.2980542616872
38135,2025-03-31,1748.7838103714455
38135,2025-04-30,1771.96942490288
38135,2025-05-31,1761.9732904448597
38135,2025-06-30,1728.4798451164345
38135,2025-07-31,1747.2088032714485
38135,2025-08-31,1774.4451426913515
38135,2025-09-30,1792.6027901820537
38135,2025-10-31,1768.9817969286128
38135,2025-11-30,1740.4269776126016
38135,2025-12-31,1718.3120871267226
38135,2026-01-31,1707.746777039335
38135,2026-02-28,1743.487957646039
38135,2026-03-31,1753.2243023733697
38135,2026-04-30,1786.8262327542316
38135,2026-05-31,1785.318485706079
38135,2026-06-30,1814.7279202279203
38138,2023-01-31,2086.8949103291657
38138,2023-02-28,2005.1530051508005
38138,2023-03-31,1982.889212672858
38138,2023-04-30,2081.7331856264777
38138,2023-05-31,2227.0032643891673
38138,2023-06-30,2256.2993128150065
38138,2023-07-31,2227.7862814487476
38138,2023-08-31,2196.718430771851
38138,2023-09-30,2239.325928060496
38138,2023-10-31,2269.851425507891
38138,2023-11-30,2275.205595600962
38138,2023-12-31,2325.8921931870323
38138,2024-01-31,2344.4635415702355
38138,2024-02-29,2436.7185031685603
38138,2024-03-31,2377.106289159341
38138,2024-04-30,2377.381235889215
38138,2024-05-31,2342.1608197186806
38138,2024-06-30,2376.878424656833
38138,2024-07-31,2370.292565307436
38138,2024-08-31,2352.6236307247177
38138,2024-09-30,2300.008829414518
38138,2024-10-31,2264.6843254101527
38138,2024-11-30,2270.4920216965174
38138,2024-12-31,2272.060231151003
38138,2025-01-31,2283.9153765582055
38138,2025-02-28,2285.017457361091
38138,2025-03-31,2337.654039197677
38138,2025-04-30,2383.3655518794253
38138,2025-05-31,2368.6928591564315
38138,2025-06-30,2381.2153036348946
38138,2025-07-31,2339.2636047992373
38138,2025-08-31,2369.2250406575263
38138,2025-09-30,2320.759267874128
38138,2025-10-31,2326.4727811756884
38138,2025-11-30,2319.809189102879
38138,2025-12-31,2312.3880560000393
38138,2026-01-31,2404.1604851490483
38138,2026-02-28,2416.194703715648
38138,2026-03-31,2460.2597050254276
38138,2026-04-30,2419.473037514074
38138,2026-05-31,2418.765374875285
38138,2026-06-30,2452.2079124579127
38139,2026-06-30,3262.5
38141,2021-12-31,1310.8755162846428
38141,2022-01-31,1342.085116259583
38141,2022-02-28,1350.164633086351
38141,2022-03-31,1372.3315226292511
38141,2022-04-30,1359.5833122418624
38141,2022-05-31,1378.5318616898385
38141,2022-06-30,1417.7324761234545
38141,2022-07-31,1432.0263260143672
38141,2022-08-31,1452.0800555305464
38141,2022-09-30,1442.8866998237877
38141,2022-10-31,1436.2040087219489
38141,2022-11-30,1415.210045548427
38141,2022-12-31,1400.1352439195548
38141,2023-01-31,1409.898431337866
38141,2023-02-28,1433.0427995422815
38141,2023-03-31,1448.1316577629748
38141,2023-04-30,1449.2158381581046
38141,2023-05-31,1440.2038907336064
38141,2023-06-30,1446.8447069455246
38141,2023-07-31,1460.39979310755
38141,2023-08-31,1455.7928480247583
38141,2023-09-30,1448.2848650179185
38141,2023-10-31,1445.519210908412
38141,2023-11-30,1443.7528841980895
38141,2023-12-31,1442.0528617117216
38141,2024-01-31,1436.056135182893
38141,2024-02-29,1457.8202037915416
38141,2024-03-31,1470.879208949293
38141,2024-04-30,1486.3778123437037
38141,2024-05-31,1492.1803523809635
38141,2024-06-30,1499.0078513135982
38141,2024-07-31,1498.183519813648
38141,2024-08-31,1498.1470916856836
38141,2024-09-30,1494.742764362399
38141,2024-10-31,1513.7456672450385
38141,2024-11-30,1526.5287761703837
38141,2024-12-31,1537.4436479017556
38141,2025-01-31,1520.1830108211386
38141,2025-02-28,1517.8456634588931
38141,2025-03-31,1536.7245363995928
38141,2025-04-30,1546.4881550570578
38141,2025-05-31,1568.1911269044144
38141,2025-06-30,1552.419811715609
38141,2025-07-31,1567.9395601833437
38141,2025-08-31,1562.2776822024605
38141,2025-09-30,1570.9619466593565
38141,2025-10-31,1550.1573592774498
38141,2025-11-30,1548.4070945309131
38141,2025-12-31,1536.134771576871
38141,2026-01-31,1545.5333030446448
38141,2026-02-28,1535.0910232825634
38141,2026-03-31,1534.4436039691952
38141,2026-04-30,1542.5222289574474
38141,2026-05-31,1584.945470557782
38141,2026-06-30,1607.3476430976432
38632,2023-10-31,2030.8449071408124
38632,2023-11-30,2005.3627404053257
38632,2023-12-31,1938.997396864383
38632,2024-01-31,1943.424711694082
38632,2024-02-29,1961.972637157356
38632,2024-03-31,2025.112358901699
38632,2024-04-30,2065.285970730755
38632,2024-05-31,2087.049702678825
38632,2024-06-30,2153.3007147854973
38632,2024-07-31,2137.1323884047156
38632,2024-08-31,2113.769728853844
38632,2024-09-30,2064.443036399534
38632,2024-10-31,2058.7964207616774
38632,2024-11-30,2106.20085392092
38632,2024-12-31,2139.571784262201
38632,2025-01-31,2162.2993355579406
38632,2025-02-28,2155.8469599749906
38632,2025-03-31,2147.8428176442376
38632,2025-04-30,2160.4644172104163
38632,2025-05-31,2188.1556569292193
38632,2025-06-30,2195.9045466316493
38632,2025-07-31,2227.2355396528014
38632,2025-08-31,2213.0450414685833
38632,2025-09-30,2242.1148400377456
38632,2025-10-31,2204.761441848431
38632,2025-11-30,2261.328643075932
38632,2025-12-31,2262.979124740683
38632,2026-01-31,2230.519025881787
38632,2026-02-28,2144.7849338783494
38632,2026-03-31,2135.11111288306
38632,2026-04-30,2205.77917690772
38632,2026-05-31,2257.9372856784275
38632,2026-06-30,2261.1111111111113
38637,2021-03-31,1187.9217491118045
38637,2021-04-30,1229.1012231250286
38637,2021-05-31,1269.9491750886607
38637,2021-06-30,1297.773108856304
38637,2021-07-31,1292.430595798415
38637,2021-08-31,1302.027454962278
38637,2021-09-30,1313.714598727092
38637,2021-10-31,1317.698924753149
38637,2021-11-30,1320.499342306013
38637,2021-12-31,1348.4399505166805
38637,2022-01-31,1375.4371012507345
38637,2022-02-28,1393.9711373694074
38637,2022-03-31,1380.594000050708
38637,2022-04-30,1387.1353462552313
38637,2022-05-31,1388.2438474116188
38637,2022-06-30,1395.2711698680146
38637,2022-07-31,1413.123765152877
38637,2022-08-31,1413.929250749542
38637,2022-09-30,1429.4041613855168
38637,2022-10-31,1426.585995869306
38637,2022-11-30,1449.2876375284482
38637,2022-12-31,1437.1698015309912
38637,2023-01-31,1428.9472818284603
38637,2023-02-28,1409.7657928798162
38637,2023-03-31,1408.5924602781715
38637,2023-04-30,1421.3014161465346
38637,2023-05-31,1425.6692543760932
38637,2023-06-30,1449.738151296483
38637,2023-07-31,1454.6276294229513
38637,2023-08-31,1484.3636569866735
38637,2023-09-30,1460.9153376277595
38637,2023-10-31,1434.2023858772436
38637,2023-11-30,1411.3141522848198
38637,2023-12-31,1419.2419768684654
38637,2024-01-31,1435.7726465301257
38637,2024-02-29,1449.5845726778832
38637,2024-03-31,1465.4979983078854
38637,2024-04-30,1478.1840327653028
38637,2024-05-31,1478.4009847869747
38637,2024-06-30,1485.1758033994104
38637,2024-07-31,1504.6963439585977
38637,2024-08-31,1517.2771801355177
38637,2024-09-30,1514.8551922458362
38637,2024-10-31,1498.1584571494034
38637,2024-11-30,1522.8910990625352
38637,2024-12-31,1544.151484622184
38637,2025-01-31,1557.9868466584142
38637,2025-02-28,1538.7213372938636
38637,2025-03-31,1528.9384438931272
38637,2025-04-30,1539.624708611978
38637,2025-05-31,1538.3135501997954
38637,2025-06-30,1563.3839925192692
38637,2025-07-31,1558.5768358074802
38637,2025-08-31,1582.5557614449945
38637,2025-09-30,1567.3725355369454
38637,2025-10-31,1586.3662310119262
38637,2025-11-30,1571.349769329494
38637,2025-12-31,1564.73136397267
38637,2026-01-31,1535.4439213035926
38637,2026-02-28,1524.6363462944785
38637,2026-03-31,1520.989027398702
38637,2026-04-30,1547.478715923195
38637,2026-05-31,1561.5997837078132
38637,2026-06-30,1571.3611111111113
38654,2016-12-31,1263.4702036646263
38654,2017-01-31,1253.3933328956043
38654,2017-02-28,1238.9213306015029
38654,2017-03-31,1234.4915939897774
38654,2017-04-30,1229.7434637752897
38654,2017-05-31,1245.0163745809632
38654,2017-06-30,1252.8791199928244
38654,2017-07-31,1259.3911163629623
38654,2017-08-31,1256.5236395005916
38654,2017-09-30,1242.362610240648
38654,2017-10-31,1247.917691806531
38654,2017-11-30,1242.5094167829106
38654,2017-12-31,1250.034624960881
38654,2018-01-31,1251.0295049770175
38654,2018-02-28,1257.5944881036148
38654,2018-03-31,1265.5691455909937
38654,2018-04-30,1274.7730539301642
38654,2018-05-31,1298.2625634824942
38654,2018-06-30,1304.3114297186444
38654,2018-07-31,1298.8794231257878
38654,2018-08-31,1287.7560271294865
38654,2018-09-30,1298.1175863400172
38654,2018-10-31,1303.9547280289037
38654,2018-11-30,1290.2231783824643
38654,2018-12-31,1280.6858732248986
38654,2019-01-31,1290.9482372004609
38654,2019-02-28,1312.2101500307108
38654,2019-03-31,1316.458687871583
38654,2019-04-30,1303.5626142038902
38654,2019-05-31,1303.9392130694996
38654,2019-06-30,1308.8710463804723
38654,2019-07-31,1329.937359584972
38654,2019-08-31,1322.9678221383529
38654,2019-09-30,1332.658018647875
38654,2019-10-31,1322.2431852931074
38654,2019-11-30,1320.1628373789215
38654,2019-12-31,1309.068025424915
38654,2020-01-31,1317.71314210919
38654,2020-02-29,1325.778581500272
38654,2020-03-31,1333.837890398585
38654,2020-04-30,1339.4102982088252
38654,2020-05-31,1353.0691997139163
38654,2020-06-30,1369.011521101473
38654,2020-07-31,1361.653362440293
38654,2020-08-31,1384.0528377376893
38654,2020-09-30,1400.750789548474
38654,2020-10-31,1448.5749782389055
38654,2020-11-30,1444.3271909817822
38654,2020-12-31,1454.2092732829374
38654,2021-01-31,1459.2505574402032
38654,2021-02-28,1472.941559469536
38654,2021-03-31,1479.6888624522876
38654,2021-04-30,1487.857793531415
38654,2021-05-31,1527.3016162188728
38654,2021-06-30,1564.4312311286142
38654,2021-07-31,1566.94515528518
38654,2021-08-31,1557.917061239105
38654,2021-09-30,1556.8770367703114
38654,2021-10-31,1602.521851340146
38654,2021-11-30,1629.0452931421603
38654,2021-12-31,1634.4406745736976
38654,2022-01-31,1623.6073896146374
38654,2022-02-28,1647.8546578725686
38654,2022-03-31,1655.4497749712575
38654,2022-04-30,1662.9126076799112
38654,2022-05-31,1667.4377898694786
38654,2022-06-30,1701.7173558169245
38654,2022-07-31,1726.3137504768365
38654,2022-08-31,1688.9424009005015
38654,2022-09-30,1668.5976788553166
38654,2022-10-31,1654.81508618685
38654,2022-11-30,1705.7948499936315
38654,2022-12-31,1728.8871121770685
38654,2023-01-31,1731.912353964342
38654,2023-02-28,1709.6124727554377
38654,2023-03-31,1702.4800482132644
38654,2023-04-30,1736.7264491734177
38654,2023-05-31,1769.4617419824074
38654,2023-06-30,1799.6914809954435
38654,2023-07-31,1811.9787863541137
38654,2023-08-31,1793.681504083237
38654,2023-09-30,1753.5393222496891
38654,2023-10-31,1708.7953595150211
38654,2023-11-30,1692.4360085558003
38654,2023-12-31,1723.9900920362925
38654,2024-01-31,1754.9713299235875
38654,2024-02-29,1797.9327563242534
38654,2024-03-31,1815.6644688087863
38654,2024-04-30,1817.4883548722028
38654,2024-05-31,1821.560882782645
38654,2024-06-30,1828.1184282682573
38654,2024-07-31,1844.4045170542204
38654,2024-08-31,1844.5909502693532
38654,2024-09-30,1833.3172515646952
38654,2024-10-31,1826.5467777343367
38654,2024-11-30,1830.2418506123856
38654,2024-12-31,1818.7890262971212
38654,2025-01-31,1843.602769503128
38654,2025-02-28,1838.141590862393
38654,2025-03-31,1878.284551368342
38654,2025-04-30,1872.8897078619248
38654,2025-05-31,1886.5393421160368
38654,2025-06-30,1883.710693518378
38654,2025-07-31,1881.5986868599605
38654,2025-08-31,1886.2912193377192
38654,2025-09-30,1882.8171132420864
38654,2025-10-31,1889.3184145038429
38654,2025-11-30,1891.8446434611276
38654,2025-12-31,1868.074362429874
38654,2026-01-31,1861.486839565028
38654,2026-02-28,1841.3284265641
38654,2026-03-31,1881.3940235636724
38654,2026-04-30,1891.4401398458676
38654,2026-05-31,1916.2897510927764
38654,2026-06-30,1896.412896825397
38671,2016-05-31,942.1471454564625
38671,2016-07-31,953.9743006810698
38671,2016-08-31,943.9007983290784
38671,2016-09-30,935.1594454069664
38671,2016-10-31,931.8854103422752
38671,2016-11-30,940.5256274220604
38671,2016-12-31,941.3685115869746
38671,2017-01-31,939.2526656028822
38671,2017-02-28,935.5598527733448
38671,2017-03-31,940.388468264475
38671,2017-04-30,942.937905226848
38671,2017-05-31,938.724694933926
38671,2017-06-30,940.5626310563484
38671,2017-07-31,953.2058847017504
38671,2017-08-31,959.3157140035638
38671,2017-09-30,955.4047320540684
38671,2017-10-31,947.6662613329756
38671,2017-11-30,954.98741984371
38671,2017-12-31,967.8742046528772
38671,2018-01-31,967.6328795980712
38671,2018-02-28,971.5309653890148
38671,2018-03-31,966.794879503454
38671,2018-04-30,976.1058925655444
38671,2018-05-31,980.4479959258186
38671,2018-06-30,992.7835610575172
38671,2018-07-31,987.6285674893638
38671,2018-08-31,992.8321122987604
38671,2018-09-30,981.6365793081166
38671,2018-10-31,991.1145789380208
38671,2018-11-30,983.8579372634656
38671,2018-12-31,994.5928487040796
38671,2019-01-31,991.3257539101857
38671,2019-02-28,1000.6440496786188
38671,2019-03-31,1006.8413606803092
38671,2019-04-30,1011.2054144279978
38671,2019-05-31,1013.275175268102
38671,2019-06-30,1013.074974418356
38671,2019-07-31,1016.5205792593132
38671,2019-08-31,1021.3680714418126
38671,2019-09-30,1023.2098787839112
38671,2019-10-31,1020.425201826528
38671,2019-11-30,1007.9544591962872
38671,2019-12-31,996.769280596346
38671,2020-01-31,1005.6161303026824
38671,2020-02-29,1019.8584298779732
38671,2020-03-31,1022.700523899988
38671,2020-04-30,1021.2333916904134
38671,2020-05-31,1023.4882518540974
38671,2020-06-30,1046.3510224453512
38671,2020-07-31,1068.566133318204
38671,2020-08-31,1087.7580444764997
38671,2020-09-30,1098.8609417109935
38671,2020-10-31,1110.515772641958
38671,2020-11-30,1119.316865201503
38671,2020-12-31,1124.4508888300954
38671,2021-01-31,1120.005305937179
38671,2021-02-28,1127.42962052146
38671,2021-03-31,1142.5578091659606
38671,2021-04-30,1161.5369100984758
38671,2021-05-31,1190.342076302268
38671,2021-06-30,1207.177434574889
38671,2021-07-31,1229.5828271199368
38671,2021-08-31,1239.237529572612
38671,2021-09-30,1294.4299301624112
38671,2021-10-31,1334.5959069226744
38671,2021-11-30,1359.2961721539496
38671,2021-12-31,1344.177779520698
38671,2022-01-31,1340.929270161401
38671,2022-02-28,1337.090371843641
38671,2022-03-31,1342.20812164816
38671,2022-04-30,1343.3666652213112
38671,2022-05-31,1357.3197733187824
38671,2022-06-30,1363.673306880425
38671,2022-07-31,1381.628437838711
38671,2022-08-31,1382.9705960472234
38671,2022-09-30,1384.1039061280503
38671,2022-10-31,1363.793141281971
38671,2022-11-30,1374.9497716990045
38671,2022-12-31,1367.250082789553
38671,2023-01-31,1390.4173703004828
38671,2023-02-28,1378.57055617472
38671,2023-03-31,1401.7984565321583
38671,2023-04-30,1412.016592217622
38671,2023-05-31,1432.9298027215605
38671,2023-06-30,1443.1790704348034
38671,2023-07-31,1430.6819181974768
38671,2023-08-31,1436.5725892964838
38671,2023-09-30,1420.994831430322
38671,2023-10-31,1417.5068882163664
38671,2023-11-30,1395.1780989040624
38671,2023-12-31,1382.610916329126
38671,2024-01-31,1383.331198304534
38671,2024-02-29,1395.9688227636811
38671,2024-03-31,1403.9257068430627
38671,2024-04-30,1417.2036001145302
38671,2024-05-31,1419.1738566762458
38671,2024-06-30,1445.1758409786607
38671,2024-07-31,1452.622016270076
38671,2024-08-31,1465.5609191958083
38671,2024-09-30,1458.282792886673
38671,2024-10-31,1448.9606274839955
38671,2024-11-30,1451.4536149418336
38671,2024-12-31,1437.467489462356
38671,2025-01-31,1426.5364283102908
38671,2025-02-28,1411.7531119121493
38671,2025-03-31,1418.9362171251123
38671,2025-04-30,1446.3446348171694
38671,2025-05-31,1465.7516334743073
38671,2025-06-30,1475.2745131012805
38671,2025-07-31,1466.3893350431456
38671,2025-08-31,1463.8999624150658
38671,2025-09-30,1483.3185892697593
38671,2025-10-31,1495.465799017976
38671,2025-11-30,1494.5297042586892
38671,2025-12-31,1484.5998322084474
38671,2026-01-31,1477.3143613046273
38671,2026-02-28,1468.2678722784992
38671,2026-03-31,1467.1736455027308
38671,2026-04-30,1467.7195283968194
38671,2026-05-31,1479.1735103957635
38671,2026-06-30,1479.7458333333334
38680,2026-02-28,1625.4826841162287
38680,2026-03-31,1638.9302734159185
38680,2026-04-30,1686.646332573838
38680,2026-05-31,1650.611567630397
38680,2026-06-30,1607.2222222222224
72364,2026-02-28,969.043928174183
72364,2026-03-31,987.4151942879416
72364,2026-06-30,1080.2777777777778
